timestamp,28windspeed_100m (m/s),28cloudcover (%),28apparent_temperature (°C),57windspeed_100m (m/s),57cloudcover (%),57apparent_temperature (°C),68windspeed_100m (m/s),68cloudcover (%),68apparent_temperature (°C),70windspeed_100m (m/s),70cloudcover (%),70apparent_temperature (°C),82windspeed_100m (m/s),82cloudcover (%),82apparent_temperature (°C),83windspeed_100m (m/s),83cloudcover (%),83apparent_temperature (°C),84windspeed_100m (m/s),84cloudcover (%),84apparent_temperature (°C),92windspeed_100m (m/s),92cloudcover (%),92apparent_temperature (°C),95windspeed_100m (m/s),95cloudcover (%),95apparent_temperature (°C)
2023-07-08 17:00:00+00:00,2.36,98,16.34,1.25,91,22.68,2.18,29,19.58,1.78,94,18.38,2.23,41,16.41,3.69,83,15.88,2.96,3,29.03,0.97,31,25.54,2.94,65,15.16
2023-07-08 18:00:00+00:00,2.3,98,16.17,1.73,91,23.14,1.88,29,19.83,1.59,94,18.59,1.18,43,16.1,3.6,83,15.71,2.76,0,29.23,0.72,33,25.57,2.78,63,15.12
2023-07-08 19:00:00+00:00,1.94,98,15.87,1.08,93,22.04,0.61,25,19.35,1.38,81,18.23,1.15,54,15.81,3.16,77,15.5,2.26,9,28.19,1.1,45,24.64,2.42,50,15.03
2023-07-08 20:00:00+00:00,1.76,98,15.24,0.56,94,20.69,0.97,35,18.63,0.97,64,16.95,1.44,65,14.87,2.53,79,14.26,2.09,23,26.69,1.33,59,23.55,2.48,38,14.13
2023-07-08 21:00:00+00:00,1.65,92,13.64,0.98,95,19.23,1.76,36,17.69,0.92,48,15.55,1.29,75,13.25,2.3,77,12.39,1.59,43,24.16,1.04,72,21.95,2.43,25,12.38
2023-07-08 22:00:00+00:00,1.52,80,12.09,1.46,95,17.63,2.43,31,16.56,1.05,40,14.64,1.04,73,11.26,2.19,65,10.51,1.8,61,21.38,1.18,86,20.12,2.28,13,10.49
2023-07-08 23:00:00+00:00,1.45,67,10.31,1.63,89,14.99,2.42,29,15.37,0.85,37,14.24,1.21,84,10.1,2.05,48,8.5,1.88,75,18.53,1.35,99,17.98,2.16,0,8.29
2023-07-09 00:00:00+00:00,1.49,59,9.75,1.51,77,13.09,2.24,26,15.22,1.0,36,13.45,1.47,81,9.69,1.96,40,8.09,1.87,78,18.26,0.84,98,17.39,1.98,0,7.58
2023-07-09 01:00:00+00:00,1.67,46,9.31,1.58,7,12.36,2.0,14,15.35,1.12,49,13.37,1.64,85,9.46,1.81,0,7.78,1.79,36,17.78,1.56,93,17.3,1.91,0,7.08
2023-07-09 02:00:00+00:00,1.73,48,8.96,1.34,7,11.62,2.07,18,15.4,1.38,67,14.14,1.73,90,10.03,1.65,0,7.61,1.93,18,17.34,1.36,58,16.55,1.71,0,7.45
2023-07-09 03:00:00+00:00,1.59,51,9.9,1.27,8,11.8,1.63,20,15.25,1.43,66,13.97,1.6,93,11.41,1.64,0,8.73,2.05,13,17.18,1.29,42,16.32,1.58,0,9.26
2023-07-09 04:00:00+00:00,1.5,56,11.95,1.28,22,14.2,1.56,24,15.94,1.37,66,15.11,1.38,90,13.49,1.34,0,10.56,1.77,10,17.64,1.15,34,16.68,1.44,1,10.34
2023-07-09 05:00:00+00:00,1.84,54,14.03,1.18,37,16.33,1.26,24,16.75,1.44,70,16.97,1.51,84,15.23,1.51,0,12.4,1.38,10,20.54,0.56,28,19.25,1.39,21,11.22
2023-07-09 06:00:00+00:00,2.0,49,15.96,1.43,46,18.21,0.77,25,17.65,1.6,71,18.76,1.84,75,16.42,1.44,0,14.08,1.49,13,23.37,0.77,24,21.42,1.43,34,12.33
2023-07-09 07:00:00+00:00,2.0,26,17.6,1.54,39,21.11,0.7,68,18.6,1.37,47,20.92,1.97,50,17.53,1.28,0,15.82,1.45,8,26.22,0.87,6,23.68,1.29,69,13.61
2023-07-09 08:00:00+00:00,1.9,20,19.15,1.33,48,23.16,1.61,78,19.07,1.17,28,22.81,2.11,40,18.36,0.98,0,17.44,1.49,11,27.83,1.04,5,25.77,1.22,46,14.88
2023-07-09 09:00:00+00:00,1.78,18,20.35,1.29,63,24.55,3.32,79,18.56,1.16,20,24.28,2.26,32,19.17,0.72,2,19.0,1.25,17,29.28,1.46,5,27.6,1.53,60,15.8
2023-07-09 10:00:00+00:00,1.69,19,21.28,1.38,72,23.35,3.69,84,18.0,1.38,18,24.97,2.45,29,19.73,0.65,3,20.32,1.46,16,30.19,1.76,4,28.61,1.65,70,16.18
2023-07-09 11:00:00+00:00,0.86,33,20.31,1.31,78,21.19,4.06,87,18.65,1.89,28,26.03,2.46,31,20.19,0.58,12,21.17,1.83,18,30.78,2.0,8,29.07,1.3,76,16.95
2023-07-09 12:00:00+00:00,1.4,44,17.75,1.14,81,20.53,4.26,90,19.29,2.82,40,24.69,2.05,37,20.01,0.43,26,21.76,2.04,24,30.82,1.36,16,28.95,1.66,80,17.69
2023-07-09 13:00:00+00:00,1.55,99,16.71,1.82,100,23.04,4.17,100,19.88,3.06,100,24.28,1.77,97,18.92,0.81,99,21.82,1.54,63,31.21,1.5,61,28.54,2.53,100,18.33
2023-07-09 14:00:00+00:00,1.63,100,17.9,2.38,86,24.6,4.37,98,20.24,2.73,100,23.9,2.03,97,17.93,1.55,99,21.3,0.61,77,31.09,1.36,61,29.0,3.35,95,18.83
2023-07-09 15:00:00+00:00,2.42,97,18.5,2.29,80,23.88,4.29,98,20.22,2.36,100,23.34,2.26,98,18.15,1.43,99,20.55,1.27,76,30.55,1.68,70,28.7,2.8,97,18.85
2023-07-09 16:00:00+00:00,2.59,91,18.19,2.68,85,20.27,3.49,98,19.85,2.07,100,22.91,2.35,95,18.49,0.46,99,18.67,2.25,73,30.44,1.64,77,26.32,2.59,96,18.74
2023-07-09 17:00:00+00:00,2.52,90,17.51,2.97,88,19.26,2.49,99,19.58,1.92,100,22.53,2.38,81,18.27,1.56,100,16.3,2.03,77,28.79,1.65,80,25.34,2.41,89,18.71
2023-07-09 18:00:00+00:00,2.06,93,16.63,1.1,82,18.88,1.63,84,23.17,1.04,97,22.25,1.77,89,14.69,1.29,90,16.87,2.65,10,27.51,1.44,53,28.66,2.3,78,17.2
2023-07-09 19:00:00+00:00,2.0,92,16.43,0.65,78,18.34,1.38,83,23.95,1.41,100,22.58,1.98,90,14.65,1.94,89,16.39,2.96,0,27.47,1.42,48,30.25,1.35,73,16.95
2023-07-09 20:00:00+00:00,1.99,93,15.91,1.22,72,17.9,0.74,80,22.58,1.84,100,21.39,1.84,83,14.35,2.18,90,16.05,2.92,20,27.08,1.33,49,26.14,1.05,76,16.44
2023-07-09 21:00:00+00:00,1.87,94,14.75,1.76,63,17.03,1.96,71,20.88,1.83,95,19.29,1.48,75,13.71,2.23,89,14.97,3.05,40,26.44,1.16,55,25.14,1.11,80,15.24
2023-07-09 22:00:00+00:00,1.73,94,13.97,1.82,50,15.95,1.99,67,18.99,1.75,83,16.9,1.27,70,13.29,1.91,87,13.49,2.59,60,24.86,0.84,62,23.22,0.59,85,13.66
2023-07-09 23:00:00+00:00,1.71,96,13.19,1.96,36,14.8,2.14,60,16.57,1.52,73,14.45,1.31,59,12.05,1.65,79,11.88,2.07,79,22.25,1.05,63,21.26,0.33,90,12.03
2023-07-10 00:00:00+00:00,1.78,86,10.94,1.2,35,13.13,1.89,49,14.21,1.18,58,11.84,1.29,47,10.9,1.76,69,10.36,1.0,98,19.94,1.26,63,19.12,0.3,88,10.12
2023-07-10 01:00:00+00:00,1.86,87,10.7,0.99,29,12.61,2.55,9,14.03,1.48,7,11.59,1.02,49,10.75,1.71,100,10.15,2.14,100,19.25,1.38,47,18.66,0.96,33,9.73
2023-07-10 02:00:00+00:00,1.56,84,10.65,0.99,20,12.27,2.53,31,13.7,1.88,9,11.18,0.63,73,11.55,1.89,98,9.95,1.0,100,18.48,1.38,27,18.29,1.19,38,10.13
2023-07-10 03:00:00+00:00,1.51,75,11.39,1.31,42,12.61,2.46,45,13.64,1.67,20,11.2,0.77,82,13.06,1.92,92,10.58,0.27,100,18.91,1.38,19,18.02,1.3,49,11.8
2023-07-10 04:00:00+00:00,1.64,73,13.24,1.58,57,14.26,3.34,49,14.65,2.3,29,12.69,1.21,86,14.57,1.62,75,12.54,1.24,100,18.57,1.43,16,18.34,1.28,58,13.61
2023-07-10 05:00:00+00:00,1.94,71,15.4,2.08,49,16.92,3.68,44,16.32,2.85,31,14.73,1.79,89,16.1,2.07,63,14.73,1.71,100,19.99,1.25,14,20.53,1.03,63,15.07
2023-07-10 06:00:00+00:00,2.28,63,17.44,2.36,42,19.02,3.99,39,18.21,3.42,28,16.89,2.36,90,17.68,2.38,55,16.67,2.22,100,21.81,1.33,13,22.81,1.42,64,16.83
2023-07-10 07:00:00+00:00,2.92,21,19.26,2.94,90,20.66,4.0,31,20.1,3.68,14,19.1,2.58,80,19.23,2.87,30,18.43,5.59,79,24.24,1.46,8,25.05,1.84,61,18.53
2023-07-10 08:00:00+00:00,3.07,21,20.83,2.98,95,21.79,3.94,36,21.64,3.83,16,21.06,2.67,58,20.54,3.56,22,19.77,6.43,42,25.46,1.48,7,27.81,2.07,36,20.09
2023-07-10 09:00:00+00:00,3.24,21,22.19,3.11,97,23.03,3.85,39,22.85,3.75,16,22.69,2.63,44,21.49,4.44,19,20.85,6.33,31,26.22,1.59,11,29.37,2.47,27,21.4
2023-07-10 10:00:00+00:00,3.76,21,23.13,3.78,92,23.96,3.43,35,23.73,3.67,15,23.99,2.6,34,22.31,4.55,22,21.52,6.67,38,26.49,1.74,12,30.61,3.34,35,22.55
2023-07-10 11:00:00+00:00,4.02,25,23.74,4.97,93,22.79,2.93,33,24.53,3.32,15,24.95,2.75,28,22.87,4.04,35,20.39,6.49,40,27.27,1.89,14,31.48,3.89,32,23.47
2023-07-10 12:00:00+00:00,3.6,38,21.98,4.88,94,19.99,2.53,41,24.77,2.91,27,23.46,3.27,26,22.96,3.76,45,19.45,7.04,39,27.36,2.02,25,31.87,4.71,41,23.92
2023-07-10 13:00:00+00:00,3.28,100,21.56,4.32,100,18.71,1.87,89,24.89,3.95,94,23.65,3.49,81,20.99,3.93,93,19.29,7.81,51,26.47,1.88,80,31.92,4.75,100,23.37
2023-07-10 14:00:00+00:00,3.54,100,21.95,3.61,100,17.98,1.85,90,24.17,4.64,74,23.83,3.12,86,19.2,4.06,84,20.31,7.01,63,25.78,0.93,86,30.42,3.03,100,22.88
2023-07-10 15:00:00+00:00,4.11,92,22.51,3.84,100,18.63,3.32,91,21.32,5.03,76,22.97,2.66,90,18.67,3.93,85,19.36,5.93,69,25.46,0.19,72,30.77,2.08,100,22.53
2023-07-10 16:00:00+00:00,1.15,97,16.96,4.27,100,16.91,4.01,96,23.47,4.15,86,22.39,1.67,80,19.06,3.39,96,15.81,5.7,11,25.47,0.85,56,31.5,2.99,80,22.55
2023-07-10 17:00:00+00:00,1.67,97,16.97,4.01,100,15.99,3.82,96,24.44,3.62,86,23.36,1.84,81,19.24,2.75,96,15.81,4.09,0,25.54,0.8,54,31.28,4.18,79,22.29
2023-07-10 18:00:00+00:00,2.22,97,16.77,3.28,100,15.61,2.89,96,22.89,3.23,86,21.89,1.33,81,19.08,2.68,96,15.97,2.86,11,24.95,1.25,53,30.63,4.13,79,21.57
2023-07-10 19:00:00+00:00,2.23,98,16.17,1.1,100,14.88,2.31,98,21.11,2.64,92,19.9,1.18,85,18.23,1.83,95,15.76,0.35,18,23.26,2.93,72,26.51,3.41,87,20.35
2023-07-10 20:00:00+00:00,2.22,98,15.01,1.33,100,14.25,1.79,98,19.4,1.71,94,17.72,1.4,88,17.29,1.99,94,14.93,0.28,38,20.98,0.68,80,25.06,3.18,92,19.04
2023-07-10 21:00:00+00:00,2.18,99,13.73,1.68,100,13.53,1.55,99,17.56,1.32,97,15.58,1.47,90,15.96,2.32,95,14.4,1.06,60,18.75,1.4,89,22.9,3.12,96,17.25
2023-07-10 22:00:00+00:00,2.14,100,12.6,2.22,100,12.56,0.98,100,15.56,0.99,100,13.45,0.77,93,14.21,3.06,96,13.74,1.47,82,16.55,2.14,84,20.36,2.88,100,15.23
2023-07-10 23:00:00+00:00,1.95,100,11.78,2.21,100,12.3,0.42,100,15.54,0.41,100,13.46,0.53,88,12.91,2.76,97,13.35,1.65,84,16.09,1.58,74,19.95,2.84,100,14.65
2023-07-11 00:00:00+00:00,1.86,99,10.54,2.86,100,12.24,1.54,100,15.47,0.29,99,13.34,0.86,77,12.38,2.37,97,12.88,1.86,82,15.69,1.01,68,19.49,2.63,99,13.51
2023-07-11 01:00:00+00:00,1.85,56,9.26,3.15,100,12.24,1.94,84,15.01,0.84,85,12.55,1.1,63,12.78,2.25,100,12.53,1.96,61,15.44,0.96,83,19.05,1.83,80,12.99
2023-07-11 02:00:00+00:00,1.74,66,9.75,2.95,100,12.21,2.17,84,14.3,0.98,83,12.21,1.38,71,13.44,2.15,100,12.31,1.98,37,15.13,1.45,81,18.82,1.62,86,13.39
2023-07-11 03:00:00+00:00,1.68,63,10.06,2.94,100,12.12,2.08,82,14.17,1.13,79,12.14,1.45,77,14.38,2.05,100,12.04,1.89,29,15.0,1.48,56,18.41,2.09,91,14.14
2023-07-11 04:00:00+00:00,1.65,49,11.83,2.71,100,12.23,2.62,76,14.73,1.19,76,13.2,1.57,83,15.02,1.94,99,12.52,1.82,22,15.47,1.38,43,18.63,2.0,91,15.05
2023-07-11 05:00:00+00:00,2.32,39,14.2,2.54,100,12.56,3.02,77,15.18,1.88,77,14.0,1.94,86,15.91,2.32,84,14.26,1.54,18,17.94,1.42,36,20.32,2.35,91,16.12
2023-07-11 06:00:00+00:00,3.17,33,16.08,2.19,100,13.0,3.17,80,15.2,2.1,80,14.59,2.45,83,16.94,2.75,72,15.88,1.73,15,20.68,1.36,31,21.88,3.12,89,17.41
2023-07-11 07:00:00+00:00,3.7,0,17.63,1.77,100,13.52,3.73,100,15.28,2.32,100,14.8,2.71,70,17.41,3.41,5,17.27,2.07,27,23.13,1.26,2,24.02,3.88,84,18.65
2023-07-11 08:00:00+00:00,3.91,0,18.75,1.43,100,14.75,4.6,94,16.32,3.52,98,15.9,2.87,67,18.55,4.13,2,18.15,2.24,20,25.47,1.33,1,26.42,5.35,82,19.89
2023-07-11 09:00:00+00:00,4.01,0,19.7,1.31,100,16.54,5.07,95,16.62,4.65,97,17.29,3.04,64,20.18,4.73,4,19.05,2.38,19,27.36,1.5,1,29.37,6.23,69,20.71
2023-07-11 10:00:00+00:00,4.45,0,20.55,1.76,100,18.08,4.71,96,16.5,4.3,96,16.9,3.21,61,21.46,5.21,24,18.92,3.55,19,28.42,1.74,1,30.62,6.61,65,21.13
2023-07-11 11:00:00+00:00,5.22,16,19.75,1.36,99,19.38,4.12,97,18.18,4.03,97,17.62,3.57,59,22.43,5.26,31,19.77,4.62,18,29.09,1.61,1,31.73,7.49,58,21.35
2023-07-11 12:00:00+00:00,4.4,30,17.42,1.31,99,21.67,4.08,97,18.82,4.08,97,19.44,3.79,58,22.52,5.54,29,20.16,4.3,26,29.69,1.51,1,32.28,6.83,60,21.65
2023-07-11 13:00:00+00:00,4.39,100,17.65,1.62,99,22.67,3.98,99,18.92,4.2,100,19.63,3.97,72,22.68,5.31,49,20.13,4.34,74,30.27,1.73,2,32.59,6.42,95,21.19
2023-07-11 14:00:00+00:00,4.9,97,19.05,0.95,95,23.38,3.6,99,19.24,3.53,99,19.36,3.79,66,23.0,4.51,73,19.28,4.18,39,30.73,1.83,2,32.86,4.81,97,20.0
2023-07-11 15:00:00+00:00,5.52,67,19.18,3.27,77,22.83,3.34,99,19.4,3.41,99,19.26,3.76,56,22.93,4.34,81,18.51,4.28,27,30.92,2.36,2,32.75,6.31,66,22.07
2023-07-11 16:00:00+00:00,5.4,50,18.4,4.13,81,19.62,2.96,100,19.67,3.66,99,20.14,3.78,58,22.28,3.18,86,17.97,3.65,21,30.79,2.1,2,32.96,7.21,51,21.94
2023-07-11 17:00:00+00:00,4.94,40,17.33,3.67,85,19.52,2.7,100,19.32,3.35,100,19.74,3.86,55,21.22,3.47,88,16.78,2.17,18,30.67,0.54,19,30.18,7.64,44,20.79
2023-07-11 18:00:00+00:00,4.72,33,15.89,2.89,87,18.49,3.15,100,18.23,2.73,100,18.53,3.8,48,19.54,4.89,90,15.78,1.48,15,28.93,0.39,32,25.64,7.13,40,19.56
2023-07-11 19:00:00+00:00,3.77,2,13.36,3.43,100,16.62,3.87,100,17.72,2.47,100,16.77,3.16,23,15.19,4.58,100,13.7,1.22,40,25.02,1.36,100,24.68,5.62,6,17.3
2023-07-11 20:00:00+00:00,2.62,2,12.9,2.75,100,16.51,3.55,100,17.56,2.45,100,16.79,2.42,28,14.64,4.01,100,13.52,1.05,50,24.93,2.36,100,25.77,5.33,6,16.91
2023-07-11 21:00:00+00:00,1.98,8,12.46,2.95,100,16.29,3.09,100,17.53,2.93,100,16.64,2.36,30,14.29,3.45,100,13.29,2.25,53,24.45,2.31,98,24.08,5.11,10,16.64
2023-07-11 22:00:00+00:00,1.83,21,11.71,2.61,100,15.81,3.25,100,17.31,3.43,100,16.25,2.25,30,13.53,3.7,100,12.81,2.53,60,23.95,2.1,89,22.06,4.95,16,15.9
2023-07-11 23:00:00+00:00,1.76,36,11.08,2.79,100,14.9,2.84,100,16.85,3.05,100,15.47,1.95,28,12.54,3.83,100,12.25,8.88,67,21.7,1.86,87,20.07,4.43,29,14.87
2023-07-12 00:00:00+00:00,1.81,53,10.4,2.63,100,13.92,3.31,100,15.88,2.48,100,14.96,1.59,26,11.38,3.84,100,11.85,2.45,76,20.59,1.79,78,17.9,4.09,44,13.43
2023-07-12 01:00:00+00:00,1.85,93,9.2,3.01,97,12.76,4.59,100,14.71,2.06,100,13.61,1.65,7,10.14,2.99,100,11.15,3.26,100,18.72,1.79,94,16.04,3.98,100,11.6
2023-07-12 02:00:00+00:00,2.17,96,9.76,3.17,98,13.04,4.79,100,14.61,3.36,100,13.49,1.26,6,10.34,3.65,100,11.09,5.01,100,18.31,2.3,85,16.21,3.46,85,10.65
2023-07-12 03:00:00+00:00,2.6,97,11.0,3.37,99,12.88,5.14,100,14.79,3.74,100,13.48,1.31,7,12.08,4.35,100,11.32,5.5,100,18.01,2.19,82,16.84,4.13,89,11.61
2023-07-12 04:00:00+00:00,2.89,98,12.05,3.22,99,13.09,5.41,100,14.8,3.6,100,13.37,1.84,7,13.97,4.51,100,11.29,5.5,100,18.05,1.65,87,17.84,5.5,92,12.87
2023-07-12 05:00:00+00:00,3.2,98,12.11,3.27,99,13.32,5.26,100,14.91,4.02,100,13.63,2.62,6,15.79,4.79,100,11.35,5.7,100,18.82,2.02,89,18.93,5.37,94,12.65
2023-07-12 06:00:00+00:00,3.3,99,11.39,3.51,99,14.25,5.16,100,14.82,3.92,100,13.2,3.44,6,17.27,4.72,100,11.33,6.13,93,20.42,1.48,91,21.47,6.41,95,12.85
2023-07-12 07:00:00+00:00,3.8,100,11.15,3.59,100,14.87,5.44,100,14.63,3.99,100,13.01,3.87,0,18.38,4.33,100,11.13,7.25,99,21.4,2.19,98,23.14,7.37,100,13.14
2023-07-12 08:00:00+00:00,3.44,100,11.17,3.79,100,15.52,5.77,100,14.38,4.1,100,12.74,4.22,0,19.62,4.57,100,11.92,6.96,100,20.97,1.44,99,23.89,6.9,100,13.13
2023-07-12 09:00:00+00:00,3.63,100,11.8,3.87,100,16.76,5.8,100,14.31,4.43,100,14.07,4.56,0,20.55,3.69,100,11.62,5.9,100,20.12,1.85,99,26.03,5.85,100,13.05
2023-07-12 10:00:00+00:00,3.71,100,11.92,5.28,100,16.87,6.81,100,14.33,4.75,100,13.57,4.96,0,21.09,3.43,100,11.57,6.19,88,23.34,1.96,100,29.14,5.76,100,13.18
2023-07-12 11:00:00+00:00,3.73,100,11.9,4.41,100,15.33,6.92,100,14.27,4.48,100,13.45,5.14,1,21.25,3.14,100,11.37,7.05,87,23.68,1.81,100,30.44,5.07,100,13.26
2023-07-12 12:00:00+00:00,3.77,100,11.85,2.81,100,14.99,7.05,100,14.17,4.25,100,13.3,5.05,2,21.36,3.43,100,11.7,6.99,89,22.98,1.51,100,31.13,4.78,100,13.64
2023-07-12 13:00:00+00:00,3.72,100,11.7,3.18,100,14.48,8.0,100,14.31,5.02,100,13.33,5.08,12,21.29,3.83,100,11.68,7.1,88,24.43,1.4,100,30.86,4.64,100,14.0
2023-07-12 14:00:00+00:00,3.42,100,11.56,3.36,100,14.73,9.14,100,14.34,6.37,100,13.13,4.96,51,20.76,3.77,100,11.47,7.81,93,25.22,1.22,100,31.73,4.67,100,14.34
2023-07-12 15:00:00+00:00,3.11,100,12.13,3.52,100,14.99,8.32,100,14.42,5.94,100,12.72,4.62,66,20.32,3.97,100,11.23,6.29,96,25.26,1.64,71,32.21,4.98,100,14.07
2023-07-12 16:00:00+00:00,3.35,100,12.73,4.72,100,15.87,8.15,100,14.71,5.6,100,13.03,4.0,74,20.04,4.79,100,10.79,5.94,97,25.41,1.95,65,31.82,4.8,100,14.12
2023-07-12 17:00:00+00:00,3.88,100,12.81,4.54,96,15.36,7.73,100,14.76,5.24,100,12.76,3.29,70,19.29,3.38,100,10.2,4.74,97,24.9,2.21,72,30.35,4.29,100,13.66
2023-07-12 18:00:00+00:00,4.09,100,12.68,3.91,94,14.97,6.33,100,14.82,3.94,100,12.98,2.52,60,17.8,3.29,100,10.14,3.71,97,22.8,2.06,77,25.51,3.97,100,13.31
2023-07-12 19:00:00+00:00,3.16,100,13.16,2.89,53,14.64,2.49,100,16.01,3.4,100,15.03,1.76,5,15.44,3.36,100,10.29,2.04,0,22.02,0.79,100,25.22,4.1,100,12.3
2023-07-12 20:00:00+00:00,2.67,100,13.01,2.94,50,14.31,3.02,100,15.82,2.07,100,14.8,1.48,5,14.99,3.12,100,10.26,1.48,20,21.34,0.86,100,24.56,4.0,100,12.24
2023-07-12 21:00:00+00:00,3.23,100,12.67,3.19,45,13.92,3.22,100,15.61,1.78,100,14.44,1.25,4,13.95,3.66,100,10.25,2.53,40,20.06,1.54,100,23.64,3.85,100,12.09
2023-07-12 22:00:00+00:00,3.3,100,12.22,3.56,39,13.48,4.21,99,15.44,2.06,100,14.02,0.72,3,12.95,3.16,100,10.08,1.86,60,18.48,1.57,99,22.34,3.6,100,11.88
2023-07-12 23:00:00+00:00,2.76,100,11.55,3.11,35,12.83,3.88,94,14.82,2.49,100,13.7,0.6,2,11.95,2.51,100,10.14,1.69,76,16.26,1.25,99,21.01,3.53,100,11.66
2023-07-13 00:00:00+00:00,1.94,100,10.59,3.26,35,12.19,3.86,81,14.18,2.56,96,12.71,0.5,1,10.88,2.96,100,10.16,2.03,89,14.46,1.34,99,20.28,3.28,100,11.47
2023-07-13 01:00:00+00:00,1.42,100,10.05,3.5,74,11.9,4.23,33,13.83,2.18,48,11.76,0.9,29,10.79,2.74,100,9.99,1.93,68,13.7,0.92,100,20.16,3.04,100,11.21
2023-07-13 02:00:00+00:00,1.64,100,9.95,3.33,78,11.41,4.44,52,13.45,2.39,54,11.52,1.4,64,11.62,2.84,100,9.89,1.69,56,12.81,0.84,100,19.42,3.58,100,10.74
2023-07-13 03:00:00+00:00,1.66,100,10.25,2.7,76,10.73,4.8,62,13.34,2.83,65,11.52,1.45,76,13.1,3.07,100,9.85,1.47,56,12.29,1.06,100,18.66,3.26,100,10.53
2023-07-13 04:00:00+00:00,1.27,100,10.54,3.16,69,11.12,5.06,68,13.67,3.36,63,12.11,1.44,82,12.75,3.64,100,9.66,1.69,55,12.84,1.26,100,18.97,4.52,100,10.66
2023-07-13 05:00:00+00:00,1.32,100,10.52,3.46,72,12.38,5.06,74,13.93,3.61,70,12.83,1.66,85,13.6,3.28,100,8.04,1.67,45,15.4,1.01,100,19.45,5.48,100,10.64
2023-07-13 06:00:00+00:00,2.16,100,10.54,4.3,70,13.71,5.18,79,14.34,3.93,75,13.32,2.12,88,15.99,3.32,100,8.17,2.76,39,18.2,1.11,100,19.96,5.02,100,10.47
2023-07-13 07:00:00+00:00,2.77,100,10.83,4.63,22,15.44,5.26,100,14.77,4.08,100,13.92,2.47,100,17.82,2.98,100,8.33,4.8,17,19.8,1.03,100,20.62,3.92,100,10.7
2023-07-13 08:00:00+00:00,2.9,100,11.88,4.74,30,16.76,5.59,86,15.51,4.52,75,15.7,3.04,93,18.8,2.45,100,8.75,5.53,13,20.64,3.38,100,20.17,3.11,100,11.04
2023-07-13 09:00:00+00:00,3.32,100,12.31,4.86,48,16.69,5.71,75,16.17,4.69,63,17.03,3.87,78,20.56,2.12,100,9.72,6.11,12,21.63,2.58,100,17.87,2.82,100,11.44
2023-07-13 10:00:00+00:00,3.71,100,12.71,4.78,61,16.56,6.14,72,16.59,4.88,62,16.74,4.36,60,21.06,1.43,100,10.04,6.67,11,22.6,1.65,100,18.55,2.6,100,11.61
2023-07-13 11:00:00+00:00,3.58,100,12.54,5.31,55,18.23,6.37,70,16.75,4.99,66,16.81,4.35,51,21.0,1.35,100,10.55,6.83,14,23.46,1.78,100,19.91,3.06,100,12.05
2023-07-13 12:00:00+00:00,2.88,100,10.59,5.61,56,18.79,6.46,66,17.33,4.86,68,17.08,4.71,44,20.81,1.23,100,10.59,6.43,27,24.0,2.21,100,19.56,3.16,100,12.65
2023-07-13 13:00:00+00:00,2.15,100,9.82,5.07,87,18.17,6.29,32,17.47,5.2,48,17.99,5.58,8,19.56,1.38,100,10.63,6.32,100,23.56,0.11,100,18.65,2.42,100,12.72
2023-07-13 14:00:00+00:00,2.2,100,9.9,5.19,87,18.91,6.0,21,17.95,5.3,45,17.93,5.34,16,18.15,1.19,100,11.1,5.98,100,22.91,1.41,100,18.46,3.04,100,12.03
2023-07-13 15:00:00+00:00,1.81,100,10.4,4.71,89,18.59,6.07,23,18.04,5.49,40,18.24,4.87,23,16.83,1.18,100,11.77,6.47,100,22.3,0.37,100,18.53,1.83,100,11.56
2023-07-13 16:00:00+00:00,1.44,100,11.38,3.97,91,18.03,6.15,26,17.93,5.08,38,17.8,4.78,36,15.64,1.14,100,11.94,6.35,100,20.9,0.68,100,19.55,1.64,100,11.33
2023-07-13 17:00:00+00:00,1.24,100,12.16,4.0,90,17.79,6.36,33,17.48,4.43,36,17.13,4.38,48,14.13,1.24,100,11.75,4.67,99,20.37,1.53,100,19.59,2.07,100,11.99
2023-07-13 18:00:00+00:00,1.77,51,13.1,3.57,20,14.45,6.38,79,18.28,4.35,89,16.99,3.6,10,12.51,3.29,40,12.2,3.41,19,19.98,2.09,100,17.66,4.48,100,14.75
2023-07-13 19:00:00+00:00,1.65,46,12.83,3.15,7,13.99,6.24,88,18.66,4.24,98,17.28,2.69,7,12.24,2.34,25,12.0,1.44,0,20.36,0.53,100,17.47,2.99,100,14.56
2023-07-13 20:00:00+00:00,1.73,44,12.42,2.38,11,13.65,6.1,88,17.96,3.93,96,16.52,1.72,7,11.86,2.39,24,11.61,1.48,14,19.12,0.87,99,17.38,2.5,100,14.35
2023-07-13 21:00:00+00:00,1.9,38,11.58,2.46,23,12.9,6.11,82,17.01,3.82,93,15.4,1.18,7,10.84,2.31,26,10.72,1.76,26,17.92,1.22,89,16.84,2.26,100,13.56
2023-07-13 22:00:00+00:00,1.95,30,10.53,2.93,39,12.4,6.17,75,15.89,3.59,86,14.02,0.89,7,9.83,2.07,33,9.78,1.85,34,16.0,1.54,73,16.14,1.81,100,12.53
2023-07-13 23:00:00+00:00,1.89,23,9.05,3.17,56,11.76,6.25,68,14.79,3.5,80,12.45,0.83,19,9.73,1.6,46,9.23,1.72,38,14.08,1.46,56,15.38,1.5,100,11.58
2023-07-14 00:00:00+00:00,1.81,15,7.78,3.28,74,10.72,6.41,62,13.78,3.51,72,11.12,1.14,33,9.2,1.36,59,8.36,1.82,41,12.08,1.55,38,14.56,1.24,100,10.68
2023-07-14 01:00:00+00:00,1.54,21,7.67,3.62,76,10.49,6.48,63,14.01,3.98,79,11.84,1.43,64,8.05,1.8,100,7.81,1.93,13,11.77,1.36,1,14.28,0.89,100,10.44
2023-07-14 02:00:00+00:00,1.51,16,7.55,3.69,55,10.09,6.19,65,14.01,4.24,86,12.3,1.39,75,8.88,1.65,100,7.62,1.73,23,11.45,1.43,2,14.06,0.96,100,9.93
2023-07-14 03:00:00+00:00,1.07,13,8.86,3.78,51,10.07,6.21,67,14.11,4.42,90,12.54,0.79,80,9.91,1.53,100,8.66,1.73,48,11.48,1.04,2,13.78,1.21,97,11.04
2023-07-14 04:00:00+00:00,0.53,13,9.93,4.29,56,10.95,6.33,67,14.3,4.68,92,12.97,0.58,85,10.31,1.53,100,9.1,1.66,60,12.24,1.14,1,13.99,1.27,97,11.43
2023-07-14 05:00:00+00:00,0.6,15,11.39,4.77,63,11.72,6.47,67,14.67,4.95,93,13.42,1.23,82,11.7,1.49,100,9.19,1.32,56,14.38,0.86,4,16.21,1.46,98,11.45
2023-07-14 06:00:00+00:00,0.93,17,12.91,4.9,69,12.44,6.57,67,15.15,5.0,94,13.91,1.69,76,13.77,1.42,100,9.21,1.09,60,16.9,0.56,8,18.02,1.76,98,11.42
2023-07-14 07:00:00+00:00,1.23,41,14.63,5.08,88,14.08,6.73,53,15.74,5.2,96,14.86,2.23,53,15.28,1.5,100,9.1,1.49,84,18.97,0.81,21,20.1,2.26,100,11.39
2023-07-14 08:00:00+00:00,1.57,53,16.08,5.28,49,16.26,6.6,35,16.44,5.22,88,16.22,2.86,52,16.33,2.26,100,8.6,2.01,87,20.73,1.56,14,22.16,3.42,100,11.32
2023-07-14 09:00:00+00:00,2.49,63,15.34,5.37,37,17.96,6.44,27,17.28,5.35,66,17.64,3.05,44,17.11,3.17,100,8.04,2.24,85,22.16,2.0,11,23.63,5.16,100,10.97
2023-07-14 10:00:00+00:00,3.27,72,15.27,5.17,28,19.61,6.45,25,18.05,5.37,52,18.4,3.37,36,18.2,3.52,100,10.99,3.1,88,23.28,2.16,9,24.68,6.1,100,9.98
2023-07-14 11:00:00+00:00,4.22,77,15.74,5.25,27,20.68,6.72,22,18.66,5.37,43,19.12,2.81,29,19.19,3.5,100,11.81,3.58,89,24.27,1.9,7,26.0,5.18,100,7.38
2023-07-14 12:00:00+00:00,4.54,81,15.26,5.29,34,20.92,7.07,20,18.93,5.48,37,19.49,2.88,25,20.14,3.6,100,11.65,3.47,91,25.0,2.03,7,26.88,4.24,100,7.66
2023-07-14 13:00:00+00:00,4.5,87,15.48,5.24,100,19.48,7.36,31,19.0,5.77,11,19.51,2.87,16,20.82,2.77,92,12.21,3.48,100,26.14,2.3,22,27.11,4.13,100,7.82
2023-07-14 14:00:00+00:00,3.83,79,16.38,4.66,100,18.37,7.42,33,18.85,5.86,13,19.3,2.95,50,19.51,2.56,90,13.29,3.34,100,26.5,2.12,61,26.93,3.81,100,9.34
2023-07-14 15:00:00+00:00,3.97,80,16.38,4.68,78,19.89,7.07,35,18.75,5.55,17,19.03,2.61,65,17.93,2.77,93,12.44,3.12,100,26.52,1.98,74,26.32,3.97,99,9.81
2023-07-14 16:00:00+00:00,4.33,85,14.91,4.94,78,19.19,6.77,36,18.45,5.33,30,18.44,2.44,73,18.49,2.25,95,11.63,2.2,100,26.33,1.98,80,25.71,4.64,98,10.12
2023-07-14 17:00:00+00:00,3.16,87,13.69,3.9,71,18.54,6.34,30,17.98,4.6,26,17.8,2.95,79,17.7,1.99,96,11.66,1.51,100,25.04,1.32,84,24.71,5.28,98,10.19
2023-07-14 18:00:00+00:00,3.03,83,13.94,3.58,61,17.16,5.78,25,17.31,4.08,22,16.49,2.42,82,16.05,2.08,96,11.35,1.64,98,23.39,1.25,73,22.27,5.29,89,10.04
2023-07-14 19:00:00+00:00,3.06,39,12.64,2.79,19,14.86,5.38,0,16.46,3.74,0,15.03,1.44,97,14.26,1.84,96,10.38,2.24,75,20.31,1.25,34,19.78,4.21,13,9.28
2023-07-14 20:00:00+00:00,2.59,30,10.63,2.49,17,12.25,4.97,0,15.59,3.65,0,13.6,1.2,99,12.7,1.43,96,9.68,2.39,68,18.08,1.19,22,18.96,2.6,13,6.96
2023-07-14 21:00:00+00:00,1.81,29,6.45,2.27,24,9.7,4.77,2,12.74,3.12,1,11.76,0.65,88,11.07,0.38,96,7.32,2.99,7,18.19,0.86,17,17.16,2.1,60,4.56
2023-07-14 22:00:00+00:00,1.69,30,6.36,2.02,29,9.44,3.94,2,12.24,2.26,1,11.59,0.59,89,11.01,0.4,95,6.93,2.71,0,18.36,0.9,16,17.0,2.07,57,4.45
2023-07-14 23:00:00+00:00,1.49,29,6.35,1.67,32,9.55,3.48,2,12.42,1.92,1,11.31,0.81,89,10.93,0.62,95,6.94,2.62,9,17.98,1.03,15,17.07,1.81,57,4.61
2023-07-15 00:00:00+00:00,1.43,28,5.9,1.32,38,9.48,2.93,4,12.35,1.62,3,10.74,0.84,89,10.74,0.93,95,6.81,2.95,15,17.35,1.14,14,16.96,1.74,60,4.67
2023-07-15 01:00:00+00:00,1.51,17,5.13,1.25,72,9.62,2.6,46,12.12,1.5,47,10.05,0.91,83,10.52,1.04,98,7.07,3.0,23,16.8,1.3,11,16.74,1.65,83,4.7
2023-07-15 02:00:00+00:00,1.19,9,5.47,1.48,86,10.3,2.33,71,12.06,1.37,67,9.79,0.83,90,10.7,1.0,79,6.73,3.21,42,16.24,1.5,9,16.38,1.5,84,4.48
2023-07-15 03:00:00+00:00,1.23,4,6.34,1.24,100,10.99,1.77,92,11.79,1.11,90,9.72,0.73,88,11.92,1.21,82,8.34,3.38,44,15.81,1.39,8,15.86,1.25,64,6.41
2023-07-15 04:00:00+00:00,1.05,6,8.71,1.28,100,12.21,2.03,94,12.82,0.99,92,10.93,0.94,70,13.34,1.19,86,9.25,3.44,35,16.15,1.29,8,15.99,1.09,48,8.03
2023-07-15 05:00:00+00:00,1.18,6,9.93,1.54,100,13.3,2.6,95,14.09,1.57,94,13.07,1.41,56,14.43,1.75,87,9.73,3.4,37,18.53,1.07,8,18.3,0.93,39,9.15
2023-07-15 06:00:00+00:00,1.22,12,12.05,1.81,100,13.15,2.73,96,15.3,1.85,95,14.69,1.62,47,15.67,2.09,84,11.39,3.81,42,21.99,1.26,7,20.69,0.7,32,9.45
2023-07-15 07:00:00+00:00,1.74,74,13.6,2.34,100,14.56,3.25,100,16.24,2.31,100,15.93,2.1,2,16.97,2.85,100,12.68,4.39,7,25.49,1.47,4,22.88,0.61,0,10.89
2023-07-15 08:00:00+00:00,2.7,87,14.7,2.75,100,16.12,3.42,100,16.14,3.08,100,16.69,2.36,1,18.01,3.48,100,13.82,4.55,9,27.69,1.59,2,24.84,0.79,0,12.33
2023-07-15 09:00:00+00:00,2.69,91,16.15,3.27,100,17.17,3.75,100,15.73,2.78,100,15.17,2.78,2,19.24,4.18,100,14.5,4.84,14,28.94,1.56,1,26.64,1.42,0,13.86
2023-07-15 10:00:00+00:00,3.23,93,17.61,3.94,100,17.29,4.13,100,15.61,2.83,100,14.61,3.63,5,20.47,4.7,100,14.91,5.37,19,30.03,1.58,1,28.38,2.13,0,15.09
2023-07-15 11:00:00+00:00,3.77,95,18.67,5.27,100,20.3,4.13,100,15.43,2.71,100,14.76,4.37,5,20.93,5.18,100,15.38,5.18,18,31.19,1.68,1,29.27,2.96,1,16.35
2023-07-15 12:00:00+00:00,4.36,96,19.23,4.5,100,18.31,4.62,100,15.93,3.05,100,15.3,4.01,5,21.41,4.81,100,15.44,5.38,25,32.23,1.5,1,29.95,3.99,3,17.54
2023-07-15 13:00:00+00:00,5.42,99,18.89,4.24,100,17.43,4.83,100,16.71,3.2,100,15.47,4.02,6,21.74,4.97,100,16.63,4.66,94,32.55,1.53,0,30.59,5.31,81,17.88
2023-07-15 14:00:00+00:00,4.52,97,18.75,4.68,100,17.59,5.0,100,16.59,3.67,100,16.44,3.97,9,21.82,5.79,99,17.24,4.19,97,32.93,1.52,0,30.92,5.45,88,17.15
2023-07-15 15:00:00+00:00,4.61,96,19.37,5.36,100,19.63,5.7,100,16.65,3.8,100,15.86,3.91,19,21.61,5.58,99,15.46,2.95,98,32.67,1.6,0,30.92,5.5,83,17.65
2023-07-15 16:00:00+00:00,3.93,97,18.81,5.46,89,20.95,5.52,100,18.1,4.17,100,16.69,3.89,19,21.19,4.97,99,12.45,3.19,98,28.99,1.43,0,31.52,5.62,87,16.74
2023-07-15 17:00:00+00:00,3.88,93,18.35,5.15,91,20.32,5.81,100,18.82,4.19,100,16.78,3.58,21,20.5,4.08,100,11.42,0.7,99,23.83,1.59,0,30.6,4.93,80,16.74
2023-07-15 18:00:00+00:00,3.41,94,15.43,4.9,93,19.24,5.45,100,19.19,3.98,100,17.13,2.97,28,18.57,3.5,100,11.19,4.66,90,24.49,1.38,0,25.25,4.12,74,16.22
2023-07-15 19:00:00+00:00,2.99,100,14.05,4.68,100,17.99,5.47,100,18.59,4.02,100,16.93,1.96,100,15.69,3.61,100,11.13,3.12,19,20.42,0.53,0,22.12,3.91,64,15.04
2023-07-15 20:00:00+00:00,3.0,100,13.43,4.95,100,16.83,6.0,100,17.61,4.22,98,15.92,2.38,100,13.98,3.76,100,10.96,1.91,54,19.66,0.67,0,20.72,3.58,72,13.24
2023-07-15 21:00:00+00:00,2.9,100,13.03,3.95,100,16.51,5.97,97,16.44,3.84,98,14.91,2.88,78,13.66,3.79,100,10.91,2.26,43,18.94,1.15,0,19.92,3.77,76,12.25
2023-07-15 22:00:00+00:00,3.06,100,12.79,3.98,100,16.14,5.61,98,16.12,3.96,98,14.52,2.93,72,13.29,3.76,100,10.77,3.21,50,19.16,1.51,0,19.32,4.17,82,12.4
2023-07-15 23:00:00+00:00,2.0,100,11.48,4.59,85,15.85,5.53,92,15.8,4.2,94,14.52,1.98,70,10.87,3.94,100,10.42,3.22,20,20.28,1.43,0,20.72,4.52,100,12.67
2023-07-16 00:00:00+00:00,2.01,100,11.49,4.43,86,15.83,6.94,92,15.76,4.96,94,14.46,2.08,69,10.73,3.89,100,10.38,3.59,36,20.06,1.54,0,20.41,5.09,100,12.73
2023-07-16 01:00:00+00:00,2.72,100,11.71,3.26,91,15.83,6.95,95,15.74,4.8,96,14.27,2.13,63,10.55,3.92,100,10.29,4.67,52,19.69,1.62,0,19.94,5.07,100,12.75
2023-07-16 02:00:00+00:00,3.88,100,12.44,3.42,94,16.03,5.9,97,15.78,4.49,98,14.31,1.96,74,10.92,3.49,100,10.25,5.97,68,19.33,1.7,2,19.37,5.03,100,12.65
2023-07-16 03:00:00+00:00,4.45,100,13.02,2.87,97,16.17,4.62,98,16.31,3.09,99,14.7,2.29,82,11.99,3.16,100,10.16,5.3,84,18.57,1.86,2,18.6,5.42,100,12.94
2023-07-16 04:00:00+00:00,4.52,100,11.35,3.27,100,16.68,4.56,99,17.05,3.39,100,15.24,2.41,88,13.83,3.04,100,9.85,5.53,84,17.84,1.77,3,18.07,5.09,100,13.32
2023-07-16 05:00:00+00:00,4.67,100,11.09,3.96,100,17.15,4.14,99,17.57,2.69,100,15.88,3.54,91,14.95,4.33,100,9.75,5.59,82,17.88,1.51,4,20.0,4.93,100,13.52
2023-07-16 06:00:00+00:00,4.72,100,11.61,3.82,100,16.75,3.27,99,17.82,2.42,100,16.84,2.49,92,13.76,4.06,100,10.13,6.06,84,18.18,1.5,3,22.13,4.16,100,12.59
2023-07-16 07:00:00+00:00,4.32,100,11.67,4.26,100,16.25,3.72,100,16.67,3.04,100,16.48,3.13,100,13.75,4.24,100,10.53,6.42,99,19.11,1.47,0,24.45,3.21,100,11.92
2023-07-16 08:00:00+00:00,3.73,100,11.52,3.22,100,15.15,4.84,100,15.94,2.85,100,14.86,3.66,100,14.89,3.54,100,11.15,6.73,57,20.72,1.24,0,26.3,4.01,100,11.77
2023-07-16 09:00:00+00:00,3.3,100,11.83,2.68,100,15.01,5.65,100,15.97,3.45,100,14.2,4.85,100,17.98,3.98,100,12.5,6.78,41,22.08,1.13,0,29.4,4.49,100,12.41
2023-07-16 10:00:00+00:00,3.74,100,13.4,1.87,100,14.65,6.29,99,17.74,3.55,100,15.46,5.28,100,16.13,4.62,100,13.6,7.24,32,23.33,1.72,0,30.66,4.22,100,13.18
2023-07-16 11:00:00+00:00,3.62,100,13.79,3.18,100,16.75,6.83,83,20.06,5.75,97,19.43,5.14,100,14.07,5.32,100,14.13,7.37,27,24.38,2.28,2,31.31,4.14,100,13.63
2023-07-16 12:00:00+00:00,3.16,100,14.05,5.88,84,20.8,6.37,69,20.5,6.1,81,21.28,4.52,100,12.8,5.67,100,14.19,7.56,24,25.11,2.13,5,31.52,4.29,100,13.98
2023-07-16 13:00:00+00:00,2.96,100,14.68,5.8,48,21.9,6.65,14,20.46,5.99,7,21.72,4.55,100,12.41,5.56,100,15.0,7.47,9,26.18,2.34,41,31.76,4.06,100,14.24
2023-07-16 14:00:00+00:00,3.86,100,14.72,5.79,72,20.56,7.41,23,19.71,5.32,25,20.55,3.75,100,12.25,6.63,65,17.94,7.21,6,26.3,2.81,47,31.22,5.71,100,15.66
2023-07-16 15:00:00+00:00,4.51,100,15.71,5.71,75,21.22,7.89,46,17.63,5.39,47,16.64,4.11,100,12.27,7.02,57,17.7,6.83,6,26.13,2.49,47,30.43,5.76,100,15.61
2023-07-16 16:00:00+00:00,4.4,75,17.38,5.44,80,18.12,7.21,37,18.52,5.66,44,17.9,3.68,100,12.15,6.69,45,17.25,6.49,6,25.07,2.34,44,30.03,6.74,99,15.97
2023-07-16 17:00:00+00:00,4.6,67,16.83,5.24,66,17.61,7.24,34,17.81,5.34,38,17.13,3.49,100,12.38,7.03,49,15.33,5.81,6,24.44,2.11,35,29.08,6.78,99,15.78
2023-07-16 18:00:00+00:00,6.04,72,16.4,4.94,57,15.98,7.11,34,16.79,5.09,38,15.76,2.59,100,12.63,6.41,46,13.87,4.54,5,22.91,2.16,29,25.21,7.02,98,15.24
2023-07-16 19:00:00+00:00,5.05,42,15.78,4.9,6,14.79,7.44,25,15.76,5.3,37,14.41,1.69,100,12.78,5.75,21,12.69,3.51,0,19.27,2.2,0,22.92,4.82,100,14.42
2023-07-16 20:00:00+00:00,4.9,32,14.45,4.54,3,13.9,7.01,17,15.08,4.74,23,13.44,3.5,99,12.73,5.85,25,11.35,3.65,0,17.23,2.05,0,21.86,3.91,96,13.02
2023-07-16 21:00:00+00:00,4.77,49,13.2,4.22,2,13.46,7.17,15,14.67,4.72,20,12.89,3.49,94,12.44,5.79,38,10.8,3.56,0,16.45,1.82,0,21.34,3.07,96,11.23
2023-07-16 22:00:00+00:00,4.66,40,12.15,4.16,23,12.96,7.55,22,14.47,4.76,28,12.58,3.79,89,12.47,5.64,53,11.09,3.13,2,15.75,1.43,0,20.89,2.99,80,10.01
2023-07-16 23:00:00+00:00,4.73,33,11.58,4.02,38,12.73,7.55,36,14.52,4.83,40,12.73,3.9,90,12.63,5.89,62,10.9,2.72,3,15.33,1.05,0,20.49,3.02,79,8.28
2023-07-17 00:00:00+00:00,4.67,34,11.59,3.85,49,12.32,7.71,47,14.47,5.04,50,12.78,3.5,89,12.22,6.05,69,10.8,2.54,8,15.38,0.82,0,20.1,2.71,80,7.97
2023-07-17 01:00:00+00:00,5.08,89,12.21,4.0,100,11.97,7.53,100,14.3,5.01,100,12.73,3.27,35,11.57,5.97,63,10.56,2.08,41,15.84,0.94,0,19.85,2.27,34,7.49
2023-07-17 02:00:00+00:00,4.94,95,12.22,4.25,100,11.67,7.61,100,14.26,4.96,100,12.71,2.73,55,11.68,6.19,81,10.81,2.04,43,15.83,0.96,0,19.59,1.89,32,7.57
2023-07-17 03:00:00+00:00,4.79,69,11.53,4.23,100,11.68,7.27,100,14.37,4.88,100,12.7,2.54,69,12.38,5.49,88,10.63,2.24,37,14.97,1.03,0,19.37,1.48,29,9.03
2023-07-17 04:00:00+00:00,4.83,76,12.44,4.26,100,12.22,7.26,100,14.62,4.83,100,13.06,3.23,61,13.36,5.6,91,10.66,2.57,29,15.06,1.27,0,19.59,1.29,30,10.41
2023-07-17 05:00:00+00:00,4.68,81,12.28,4.87,98,13.35,7.2,100,14.88,5.0,100,13.79,3.92,55,14.19,5.12,93,10.76,2.47,23,17.72,0.98,0,21.48,1.29,39,11.63
2023-07-17 06:00:00+00:00,4.7,84,12.37,5.57,83,15.47,7.05,100,15.29,5.2,100,15.1,4.66,51,14.86,5.16,94,10.79,4.47,20,21.31,0.95,0,23.55,1.18,45,12.83
2023-07-17 07:00:00+00:00,4.76,100,12.98,6.11,12,16.88,7.31,83,15.98,5.76,66,16.25,5.18,59,15.41,5.59,100,11.18,5.51,1,23.49,0.97,5,25.61,1.44,99,13.71
2023-07-17 08:00:00+00:00,5.27,100,13.82,6.23,49,18.01,7.25,89,16.51,5.86,59,16.85,5.56,53,16.2,5.83,98,12.69,5.95,7,24.52,1.04,2,28.56,1.71,96,14.25
2023-07-17 09:00:00+00:00,5.93,100,14.49,6.62,66,18.46,7.59,92,16.64,5.89,73,16.72,4.98,63,16.51,6.14,97,13.88,5.84,18,26.0,1.19,2,30.05,2.46,94,14.72
2023-07-17 10:00:00+00:00,5.15,100,13.69,6.16,74,17.61,7.93,92,16.74,5.92,78,16.67,5.38,70,17.3,6.43,98,14.61,6.62,18,26.28,1.1,3,30.85,2.44,94,15.17
2023-07-17 11:00:00+00:00,5.88,100,15.4,5.3,72,17.23,7.75,98,18.63,6.07,96,17.52,4.21,91,15.53,6.31,90,14.95,6.71,0,23.91,1.68,4,37.11,6.45,78,16.03
2023-07-17 12:00:00+00:00,5.13,100,15.51,6.4,72,17.44,8.04,98,18.29,6.56,96,17.45,4.31,91,15.62,5.89,90,15.13,7.33,2,24.26,1.56,5,36.03,5.65,79,15.72
2023-07-17 13:00:00+00:00,4.79,100,15.88,5.86,80,17.18,7.69,99,17.69,5.62,98,16.62,5.24,71,16.84,5.1,94,15.22,7.24,8,24.7,1.83,11,34.61,6.58,73,15.95
2023-07-17 14:00:00+00:00,4.11,100,15.93,6.83,59,18.11,8.05,99,17.77,6.36,98,17.06,4.46,78,16.82,4.99,96,15.49,7.04,23,25.11,1.95,21,32.38,6.62,72,15.36
2023-07-17 15:00:00+00:00,4.29,100,15.33,6.16,61,17.48,7.99,87,17.46,6.51,92,17.33,4.56,82,16.54,4.46,98,14.66,7.45,40,25.16,1.72,39,30.6,6.58,64,15.19
2023-07-17 16:00:00+00:00,4.0,100,14.48,5.85,44,16.93,8.42,78,17.17,6.07,81,16.78,4.6,85,17.2,4.49,100,13.86,6.37,60,24.82,1.52,39,29.28,5.36,69,13.85
2023-07-17 17:00:00+00:00,3.93,100,14.1,5.37,37,16.08,8.56,79,16.77,6.11,85,16.03,4.21,86,17.12,4.09,100,13.07,5.43,64,23.62,1.53,46,26.17,4.8,75,12.89
2023-07-17 18:00:00+00:00,3.24,100,13.28,5.07,36,14.77,8.41,67,15.92,6.22,81,14.94,3.79,85,16.3,4.2,100,12.3,5.02,70,21.23,1.53,55,24.46,3.94,79,12.02
2023-07-17 19:00:00+00:00,2.88,100,12.52,4.95,94,13.44,8.57,1,14.96,6.15,3,13.56,3.3,56,15.08,3.54,100,11.6,4.98,93,19.74,1.69,67,22.95,3.57,100,11.3
2023-07-17 20:00:00+00:00,2.39,100,11.85,4.59,97,12.6,8.74,4,14.21,6.13,2,12.61,2.92,78,13.3,2.5,100,10.62,3.7,85,17.29,1.59,58,22.32,3.54,100,10.18
2023-07-17 21:00:00+00:00,2.04,100,11.36,4.88,98,12.29,9.07,28,14.1,6.2,19,12.39,2.32,85,11.78,3.3,100,7.95,2.48,61,14.31,1.43,54,21.76,2.66,100,8.16
2023-07-17 22:00:00+00:00,2.43,100,11.23,5.19,98,11.91,8.84,45,14.02,6.2,38,12.54,2.09,89,11.32,2.2,100,7.96,1.91,48,13.1,1.42,55,21.58,2.38,100,7.62
2023-07-17 23:00:00+00:00,2.61,100,10.98,5.45,98,11.36,8.4,56,14.23,5.87,51,12.55,1.97,91,10.92,2.78,100,7.17,1.36,41,12.11,1.32,47,21.18,2.59,100,7.14
2023-07-18 00:00:00+00:00,2.48,100,10.66,5.77,98,11.2,8.75,63,14.39,5.97,59,12.8,1.82,93,10.62,3.34,100,6.18,1.36,41,11.67,1.61,40,20.8,2.97,100,6.54
2023-07-18 01:00:00+00:00,3.42,100,10.19,5.85,100,11.02,9.15,100,14.16,6.26,100,12.84,1.77,100,10.37,2.94,100,6.06,1.63,91,11.44,1.45,6,20.28,4.4,100,6.45
2023-07-18 02:00:00+00:00,4.77,100,6.97,5.71,94,11.41,9.11,100,13.87,5.96,100,12.59,1.54,100,10.67,2.92,100,5.96,1.86,80,11.09,1.5,4,19.72,5.32,100,6.74
2023-07-18 03:00:00+00:00,4.36,100,6.2,6.07,81,10.97,9.37,100,13.69,6.5,100,12.47,1.37,100,11.57,1.68,100,6.91,2.06,57,10.79,1.62,3,19.37,5.35,100,6.77
2023-07-18 04:00:00+00:00,4.17,100,6.08,5.78,85,11.46,8.98,99,13.44,6.02,100,12.19,1.34,100,12.86,1.51,100,8.0,1.89,47,11.05,1.22,2,19.38,4.77,98,7.2
2023-07-18 05:00:00+00:00,3.87,100,5.9,5.95,77,11.68,8.61,97,13.78,5.79,100,12.47,1.81,100,13.8,2.48,99,8.22,1.49,41,13.79,0.57,2,21.19,5.08,92,7.47
2023-07-18 06:00:00+00:00,3.9,100,5.69,6.24,73,12.61,8.17,96,14.31,5.61,98,13.2,2.06,100,14.52,3.27,99,9.2,1.53,39,16.61,0.08,4,22.8,4.99,93,9.17
2023-07-18 07:00:00+00:00,3.83,100,5.9,6.99,27,13.99,7.87,63,15.09,5.94,78,14.42,2.34,100,15.34,4.45,75,10.22,2.1,9,18.84,0.72,33,24.29,4.79,100,9.19
2023-07-18 08:00:00+00:00,3.34,100,7.71,7.57,19,15.0,7.63,51,15.99,5.92,76,15.43,2.85,100,16.02,5.07,61,11.59,2.69,24,20.59,1.26,23,25.88,4.75,100,9.96
2023-07-18 09:00:00+00:00,3.15,100,10.79,7.57,34,15.76,7.05,48,16.73,5.7,70,16.35,3.13,100,16.69,4.98,65,11.98,3.13,28,22.24,1.5,23,26.31,5.11,97,10.68
2023-07-18 10:00:00+00:00,3.85,100,12.4,7.25,47,15.66,6.32,56,16.99,5.12,77,16.05,3.06,100,17.59,4.68,62,12.98,3.42,25,23.63,1.51,23,26.49,6.1,92,11.19
2023-07-18 11:00:00+00:00,4.56,100,13.51,7.58,47,16.94,5.72,64,16.28,4.52,82,15.55,2.8,100,18.46,4.8,69,12.55,3.77,22,24.81,1.29,24,29.26,6.47,89,11.64
2023-07-18 12:00:00+00:00,4.8,100,14.3,6.99,54,16.23,5.37,65,16.64,4.08,84,15.11,2.85,100,18.89,4.21,75,11.95,3.95,35,26.4,1.31,26,29.92,6.35,87,11.34
2023-07-18 13:00:00+00:00,5.52,99,14.21,7.6,55,16.71,5.35,55,16.79,4.25,74,16.13,3.77,100,18.19,3.63,100,12.46,3.73,100,26.21,1.47,18,30.3,6.45,81,11.34
2023-07-18 14:00:00+00:00,4.56,100,13.8,5.99,78,16.18,5.28,43,17.01,4.35,68,16.33,3.89,100,16.99,2.78,100,12.39,2.83,54,26.42,1.5,21,30.35,6.34,79,10.91
2023-07-18 15:00:00+00:00,5.2,79,14.79,6.66,74,17.04,7.77,58,18.23,5.72,83,17.23,2.91,100,12.96,1.87,89,13.05,2.71,18,24.66,1.03,73,32.78,4.53,97,10.74
2023-07-18 16:00:00+00:00,3.87,80,14.63,5.02,76,17.0,7.94,57,18.32,5.67,82,17.18,1.39,100,12.49,1.78,89,12.98,3.27,0,24.57,0.77,74,33.57,5.59,97,10.77
2023-07-18 17:00:00+00:00,3.61,81,14.58,5.01,77,16.83,8.18,57,18.1,5.69,82,17.03,1.99,100,12.54,1.78,89,12.86,2.96,13,24.46,2.7,75,31.37,4.99,97,10.73
2023-07-18 18:00:00+00:00,3.45,77,14.16,4.95,77,16.09,7.77,55,17.48,5.5,80,16.45,2.44,100,12.5,1.93,86,12.13,2.43,28,23.54,2.33,77,26.11,4.21,96,10.48
2023-07-18 19:00:00+00:00,2.48,36,12.79,4.47,44,14.68,7.38,28,16.38,5.3,47,15.18,2.0,100,12.27,1.7,94,10.72,1.57,59,20.9,0.67,90,24.39,3.35,65,10.09
2023-07-18 20:00:00+00:00,1.9,21,10.0,4.09,28,12.69,6.8,23,14.99,4.85,31,13.43,2.18,100,11.98,1.78,97,9.45,0.96,79,18.46,1.07,95,21.93,2.36,60,8.39
2023-07-18 21:00:00+00:00,1.73,6,7.68,4.22,31,10.98,6.35,21,13.72,4.47,21,11.8,2.13,100,11.59,1.53,99,8.38,1.36,100,15.92,1.74,100,19.21,2.4,51,5.93
2023-07-18 22:00:00+00:00,1.65,8,6.8,4.2,27,10.13,6.32,20,13.44,4.39,20,11.35,3.22,100,11.21,1.56,99,7.98,1.73,91,14.96,2.08,96,18.52,2.29,45,5.0
2023-07-18 23:00:00+00:00,1.54,12,6.1,4.37,39,9.62,6.23,19,13.26,4.5,19,11.22,4.4,100,11.18,1.92,100,7.06,1.44,92,14.56,1.85,79,18.06,2.21,45,4.45
2023-07-19 00:00:00+00:00,1.64,15,5.38,4.2,35,7.51,6.28,27,12.98,4.58,21,11.05,4.61,100,11.26,1.75,100,6.77,1.62,92,14.66,2.6,72,18.02,2.06,49,3.95
2023-07-19 01:00:00+00:00,1.7,29,4.64,4.08,7,7.02,6.01,94,12.76,4.53,65,10.98,5.16,100,11.11,1.88,100,6.29,1.39,40,13.57,1.03,100,18.43,1.85,34,3.33
2023-07-19 02:00:00+00:00,1.5,44,4.59,4.0,5,6.55,5.67,92,12.33,4.02,82,10.74,5.2,100,10.92,2.19,100,5.33,0.74,34,13.06,1.8,100,18.64,1.62,37,3.37
2023-07-19 03:00:00+00:00,1.44,53,5.65,4.07,31,6.58,5.55,71,11.85,4.09,75,10.16,4.99,100,10.7,1.86,100,5.42,0.68,56,14.83,1.73,100,18.33,1.29,39,5.55
2023-07-19 04:00:00+00:00,1.57,59,7.87,4.36,48,7.62,5.57,61,12.25,4.24,59,10.7,4.7,100,10.38,1.42,100,6.09,0.85,67,15.29,1.68,100,18.12,1.01,43,7.12
2023-07-19 05:00:00+00:00,2.01,64,8.85,4.61,59,10.14,5.69,55,12.98,4.61,49,11.99,4.67,100,10.2,1.2,100,7.52,0.94,70,15.93,1.75,99,19.39,1.17,43,8.39
2023-07-19 06:00:00+00:00,2.25,67,9.5,5.49,65,11.31,5.64,58,13.67,5.02,52,12.97,4.41,100,10.15,0.97,98,8.68,1.39,74,18.06,1.37,99,21.0,1.15,45,9.88
2023-07-19 07:00:00+00:00,2.04,81,10.73,5.97,99,12.2,5.65,100,14.18,4.76,89,13.77,4.21,100,10.07,0.85,100,9.95,2.14,100,20.59,1.19,100,21.56,1.15,49,10.49
2023-07-19 08:00:00+00:00,1.8,82,12.05,6.05,100,12.95,5.61,98,14.77,4.65,89,14.83,4.14,100,10.08,0.53,100,10.67,3.63,100,22.67,1.31,100,25.38,1.43,38,11.91
2023-07-19 09:00:00+00:00,1.95,83,13.02,6.2,100,14.11,5.62,98,15.16,4.62,93,15.33,4.07,100,10.47,0.61,100,12.22,4.8,100,24.18,1.04,100,28.62,1.52,34,13.18
2023-07-19 10:00:00+00:00,2.18,85,14.01,6.23,97,15.58,5.45,92,16.06,4.66,93,16.22,4.08,100,10.68,1.06,100,13.05,4.67,100,24.99,1.21,96,30.39,1.69,33,14.13
2023-07-19 11:00:00+00:00,1.9,84,15.28,6.0,98,16.3,5.14,87,16.73,4.81,82,17.15,4.03,100,11.01,1.32,100,12.35,4.57,100,26.44,1.76,78,31.62,1.72,36,14.88
2023-07-19 12:00:00+00:00,1.43,84,16.59,6.46,98,17.58,5.42,74,17.48,4.65,77,17.69,3.88,100,11.12,1.01,100,12.63,5.06,100,26.49,2.35,77,31.78,1.73,44,15.44
2023-07-19 13:00:00+00:00,1.03,93,17.09,6.96,81,17.37,6.22,7,18.11,4.77,10,18.24,3.73,100,11.49,1.21,100,13.54,5.56,100,23.05,1.63,100,31.21,1.87,97,15.45
2023-07-19 14:00:00+00:00,0.82,84,17.13,5.64,91,15.63,7.43,12,18.27,5.55,15,18.38,3.69,100,12.22,1.22,100,13.1,3.48,100,20.53,0.82,100,25.38,2.3,97,15.21
2023-07-19 15:00:00+00:00,0.65,89,15.96,6.05,73,16.38,7.69,11,18.08,6.07,28,17.82,3.5,99,12.9,0.65,100,12.83,2.88,100,22.61,0.63,75,26.63,2.2,97,14.91
2023-07-19 16:00:00+00:00,0.4,92,14.4,5.15,79,14.75,7.73,11,17.64,5.64,28,17.54,3.4,99,12.39,0.49,100,12.57,4.18,100,20.59,1.82,58,28.72,2.31,98,14.55
2023-07-19 17:00:00+00:00,0.84,94,13.72,5.14,76,14.84,7.87,13,16.84,5.69,24,16.31,3.32,99,12.28,1.09,100,11.73,4.04,100,20.44,2.73,50,24.71,2.83,98,13.94
2023-07-19 18:00:00+00:00,1.1,95,13.21,4.87,74,13.63,7.6,14,15.95,5.7,23,14.98,3.45,99,12.02,1.56,100,10.43,1.57,100,19.03,2.19,58,21.35,2.78,98,13.56
2023-07-19 19:00:00+00:00,0.73,100,11.77,4.38,95,12.1,6.89,25,14.93,5.15,21,13.58,3.58,96,11.62,1.51,100,9.49,2.22,98,17.98,2.17,100,20.06,2.14,97,12.4
2023-07-19 20:00:00+00:00,0.62,100,10.0,4.12,96,10.99,6.05,29,14.02,4.38,23,12.29,3.54,95,11.2,1.4,100,9.3,3.0,99,16.49,1.43,100,19.79,1.9,87,10.65
2023-07-19 21:00:00+00:00,0.99,100,9.17,3.79,93,10.09,5.74,32,13.6,3.75,24,11.38,3.87,97,11.01,1.3,100,9.35,3.31,86,15.03,0.5,100,19.74,2.12,82,8.93
2023-07-19 22:00:00+00:00,1.28,100,9.67,3.61,93,9.37,5.56,33,13.03,3.56,24,10.83,3.87,97,10.69,1.32,100,9.28,3.2,89,14.77,1.17,100,19.32,1.92,82,8.28
2023-07-19 23:00:00+00:00,1.64,100,8.67,3.64,91,7.74,5.24,37,12.78,3.3,30,10.31,3.58,97,10.22,1.54,100,8.65,2.92,81,13.42,1.35,100,18.72,1.69,86,8.05
2023-07-20 00:00:00+00:00,1.9,100,7.85,3.58,92,7.17,4.87,40,12.33,3.16,40,10.26,3.35,96,10.04,1.85,100,8.11,3.1,68,12.59,1.58,96,18.15,1.32,88,8.38
2023-07-20 01:00:00+00:00,1.65,100,7.7,3.43,51,6.69,4.48,63,11.89,3.01,83,9.52,3.25,97,10.2,1.98,100,7.67,3.14,6,12.09,1.34,9,17.55,1.14,100,8.17
2023-07-20 02:00:00+00:00,1.49,100,7.96,3.36,36,6.27,4.34,62,11.5,2.79,76,7.74,3.22,98,10.48,1.88,100,7.31,3.51,4,11.73,1.13,14,17.08,1.31,100,8.28
2023-07-20 03:00:00+00:00,1.4,100,8.37,3.22,30,6.18,3.95,56,11.16,2.6,74,7.5,2.85,99,10.74,1.71,100,7.45,3.32,3,11.22,1.26,18,16.77,1.36,100,8.93
2023-07-20 04:00:00+00:00,1.36,100,9.04,3.16,26,7.47,4.02,51,11.79,2.68,77,8.59,2.51,99,11.12,2.41,100,7.05,3.48,4,11.16,0.77,35,17.48,1.44,100,9.38
2023-07-20 05:00:00+00:00,1.32,100,9.59,3.81,40,10.49,4.24,47,12.88,3.22,73,10.81,2.49,99,11.59,2.8,100,7.11,4.13,10,12.57,1.37,48,17.92,1.52,100,10.1
2023-07-20 06:00:00+00:00,1.97,100,10.64,4.97,41,10.35,5.0,85,14.36,3.42,82,13.57,3.07,99,11.12,1.66,100,9.82,3.59,0,15.62,0.75,68,19.28,1.53,100,11.44
2023-07-20 07:00:00+00:00,2.39,100,10.79,5.15,47,10.95,5.13,86,14.32,3.73,86,13.46,2.9,99,11.11,2.6,100,10.0,4.51,1,15.77,0.82,62,19.68,1.85,100,11.63
2023-07-20 08:00:00+00:00,2.4,100,11.38,4.97,58,11.49,4.9,82,14.54,3.75,89,13.79,2.85,99,11.12,2.99,100,10.44,4.88,4,16.54,1.1,58,20.63,2.36,100,12.27
2023-07-20 09:00:00+00:00,2.1,100,12.79,4.83,69,12.32,4.39,75,14.94,3.52,92,14.63,3.02,100,11.37,2.8,100,11.24,4.89,13,17.68,0.94,57,21.51,3.0,100,13.0
2023-07-20 10:00:00+00:00,1.97,100,14.79,4.81,80,13.43,3.89,67,15.61,3.48,91,15.58,2.82,100,11.95,2.02,100,12.38,5.28,25,18.55,1.3,55,22.55,3.37,98,14.05
2023-07-20 11:00:00+00:00,2.37,100,16.8,4.9,92,15.33,3.99,55,16.5,3.5,93,16.56,2.83,100,12.72,1.19,100,13.94,5.43,44,19.0,1.44,55,23.43,4.04,97,15.26
2023-07-20 12:00:00+00:00,3.14,100,16.8,5.19,89,16.29,3.88,48,17.06,3.41,92,16.96,2.89,100,13.12,0.84,100,13.37,5.08,46,19.4,1.49,60,23.05,4.17,90,15.79
2023-07-20 13:00:00+00:00,3.47,100,15.67,5.48,96,15.22,3.62,28,17.33,3.16,73,17.68,2.94,100,13.01,1.14,100,13.09,5.16,47,19.91,1.7,98,22.96,4.67,65,16.22
2023-07-20 14:00:00+00:00,2.74,100,16.03,5.6,65,16.14,3.71,25,17.45,2.94,72,18.01,2.99,100,12.8,1.59,100,12.69,4.77,51,21.15,2.07,99,23.76,4.93,77,16.11
2023-07-20 15:00:00+00:00,2.22,100,14.66,5.33,73,15.38,3.59,35,17.41,3.14,77,17.39,3.12,100,12.81,1.56,100,12.25,4.71,66,21.01,2.11,99,23.25,4.89,84,15.67
2023-07-20 16:00:00+00:00,1.87,100,13.71,4.54,78,15.35,3.26,47,16.97,2.85,80,16.19,3.1,100,12.47,1.66,100,11.92,3.85,74,20.47,1.63,99,22.24,4.87,88,15.35
2023-07-20 17:00:00+00:00,1.5,100,12.38,4.36,80,15.03,3.09,58,16.39,2.35,83,15.94,3.01,100,12.07,1.76,100,11.7,3.18,79,18.87,1.72,99,20.51,4.82,91,14.68
2023-07-20 18:00:00+00:00,1.22,100,11.33,4.28,82,14.26,3.25,65,16.23,1.81,86,14.83,3.02,100,11.42,1.93,100,10.36,1.58,83,17.43,1.61,100,19.06,4.08,92,13.82
2023-07-20 19:00:00+00:00,0.92,100,10.84,4.02,16,12.8,3.23,100,15.72,1.47,100,13.78,3.15,100,11.03,2.4,100,9.46,0.68,100,16.02,1.27,100,18.72,2.53,99,12.47
2023-07-20 20:00:00+00:00,1.86,100,10.03,4.51,15,11.52,3.32,97,15.02,1.52,100,12.63,3.45,100,10.73,2.13,100,8.49,0.32,100,13.96,1.04,100,18.57,2.22,99,10.49
2023-07-20 21:00:00+00:00,1.85,100,9.13,4.42,14,10.66,3.38,80,13.71,1.7,89,11.06,3.38,100,10.03,1.99,100,8.2,0.57,100,13.17,0.75,100,18.53,2.19,99,8.82
2023-07-20 22:00:00+00:00,1.65,100,9.22,4.44,26,10.04,3.2,72,13.02,2.02,80,10.19,3.24,100,9.52,2.06,100,7.98,1.16,96,12.83,0.24,100,18.49,2.03,98,7.85
2023-07-20 23:00:00+00:00,1.59,100,9.12,4.46,41,9.78,2.86,68,12.59,2.3,78,10.37,3.11,100,8.05,2.34,100,7.52,1.29,97,12.16,0.64,100,18.21,2.04,90,6.82
2023-07-21 00:00:00+00:00,1.59,99,8.46,5.3,51,10.79,2.89,65,12.22,2.5,76,10.19,3.08,100,7.48,2.44,100,7.23,1.36,98,11.82,0.15,100,17.74,1.98,88,6.31
2023-07-21 01:00:00+00:00,1.78,99,8.02,5.04,100,11.04,2.62,49,12.01,2.36,72,9.63,2.98,100,6.81,3.16,100,6.49,1.34,99,11.68,0.37,97,17.68,1.87,100,6.67
2023-07-21 02:00:00+00:00,1.88,99,7.76,4.6,100,10.64,2.08,51,11.76,2.13,74,8.77,2.92,100,6.59,3.12,100,5.74,1.14,100,12.48,0.31,98,17.97,1.66,100,7.84
2023-07-21 03:00:00+00:00,1.99,98,8.02,4.6,100,10.37,1.94,56,11.85,2.12,75,8.58,2.94,100,7.18,2.67,100,5.74,1.48,100,13.27,0.51,95,17.55,1.65,100,8.6
2023-07-21 04:00:00+00:00,2.13,95,8.74,4.43,99,10.45,2.61,66,12.65,1.95,81,10.19,3.13,100,8.06,2.71,100,5.79,1.31,100,13.52,0.48,82,17.1,1.59,100,9.04
2023-07-21 05:00:00+00:00,2.34,95,9.62,4.61,99,10.93,3.45,72,13.11,2.18,85,11.79,3.72,100,9.69,2.96,100,6.02,1.78,100,13.47,0.23,74,18.57,1.71,100,9.28
2023-07-21 06:00:00+00:00,2.06,96,9.85,4.56,99,11.25,3.89,76,13.81,3.03,87,13.01,3.77,100,10.55,2.83,100,5.86,1.18,100,13.49,0.59,66,19.84,1.94,100,9.68
2023-07-21 07:00:00+00:00,1.93,100,10.3,4.65,100,11.86,4.43,91,14.71,3.81,98,13.8,3.8,100,11.73,2.85,100,5.53,1.14,100,13.84,1.1,31,20.97,2.04,100,9.95
2023-07-21 08:00:00+00:00,1.73,100,10.55,5.15,100,13.1,4.57,92,15.3,4.1,98,14.58,3.93,100,12.6,3.1,100,5.62,0.74,100,14.58,1.65,36,22.3,2.07,100,10.11
2023-07-21 09:00:00+00:00,1.53,100,10.94,5.47,94,14.11,5.07,95,15.35,4.21,99,15.51,3.76,100,13.05,3.14,100,6.61,1.88,100,17.17,2.01,53,23.17,1.93,100,10.32
2023-07-21 10:00:00+00:00,1.26,100,11.51,5.42,92,14.82,5.17,95,15.99,4.36,98,16.09,3.47,100,13.35,3.14,100,7.02,2.75,100,18.97,1.68,64,23.84,2.25,100,11.18
2023-07-21 11:00:00+00:00,0.94,100,12.06,5.72,82,16.05,5.15,95,16.69,4.17,99,16.35,3.24,100,13.42,3.02,100,7.23,4.36,100,18.07,1.24,71,23.35,2.32,99,12.4
2023-07-21 12:00:00+00:00,0.81,100,12.15,5.56,72,16.63,5.04,93,17.25,4.33,99,16.35,2.94,100,13.46,2.75,100,7.78,4.97,100,17.74,0.8,76,23.23,2.17,99,12.62
2023-07-21 13:00:00+00:00,0.81,100,13.09,5.51,19,17.37,5.13,34,17.43,4.44,76,16.66,2.76,100,13.67,2.74,100,8.11,5.63,100,17.18,0.2,100,23.43,2.3,100,12.88
2023-07-21 14:00:00+00:00,0.88,100,14.38,5.62,30,17.58,5.43,31,17.44,4.63,62,17.2,2.67,100,14.05,2.84,100,9.5,5.17,100,17.05,0.74,100,23.75,2.63,100,13.55
2023-07-21 15:00:00+00:00,0.58,99,14.23,5.05,42,17.31,5.49,28,17.38,4.65,52,16.95,2.56,100,13.74,2.88,97,10.85,5.6,100,18.42,1.3,98,23.71,2.78,100,14.13
2023-07-21 16:00:00+00:00,0.55,98,13.5,5.45,40,17.11,5.6,26,17.11,4.6,43,16.62,2.52,100,13.33,3.33,93,11.69,5.34,83,19.67,0.85,99,22.75,2.9,100,14.26
2023-07-21 17:00:00+00:00,0.55,99,12.16,4.4,48,16.4,5.5,26,16.23,4.37,37,16.16,2.48,100,12.87,3.23,94,11.23,5.27,73,19.4,0.94,99,22.06,2.95,100,13.94
2023-07-21 18:00:00+00:00,0.4,99,11.35,4.05,54,14.71,5.33,28,15.18,4.13,33,14.74,2.76,100,12.25,2.86,94,10.92,4.43,69,18.41,2.6,99,20.29,2.76,100,13.34
2023-07-21 19:00:00+00:00,1.25,8,9.64,3.2,55,9.72,6.1,30,13.36,4.53,18,12.24,2.32,100,10.66,1.5,95,9.17,2.16,3,13.97,1.82,99,16.43,2.12,100,11.33
2023-07-21 20:00:00+00:00,1.17,8,9.23,2.4,58,9.21,5.39,30,13.31,3.74,18,12.16,2.47,100,10.56,1.4,96,9.11,2.9,0,14.35,1.95,99,16.38,2.17,100,11.17
2023-07-21 21:00:00+00:00,1.05,8,9.82,2.28,60,8.95,4.97,29,13.15,3.14,18,11.85,2.43,100,10.53,1.26,96,9.35,3.16,7,13.62,1.36,99,16.33,2.09,100,11.07
2023-07-21 22:00:00+00:00,0.84,11,9.46,2.25,66,8.58,4.84,30,12.85,2.76,18,11.19,2.51,100,10.37,1.23,96,9.19,3.02,19,13.23,1.27,99,16.25,1.91,100,10.83
2023-07-21 23:00:00+00:00,0.73,13,8.96,2.11,72,8.12,4.81,31,12.49,2.6,19,10.4,2.8,100,10.19,1.25,97,8.96,3.05,31,12.79,1.38,100,16.07,1.8,100,10.53
2023-07-22 00:00:00+00:00,0.77,14,8.39,2.15,79,7.5,4.66,34,12.04,2.41,21,9.5,3.0,100,9.98,1.22,98,8.66,3.61,46,12.55,0.52,100,15.87,1.73,100,10.22
2023-07-22 01:00:00+00:00,0.86,11,7.77,2.11,22,6.38,4.45,24,11.34,2.2,22,7.73,3.09,100,9.81,1.25,100,8.25,3.34,89,11.89,0.49,100,15.66,1.72,100,9.95
2023-07-22 02:00:00+00:00,0.78,16,7.58,2.05,27,6.18,4.27,39,11.16,2.07,42,7.31,3.2,100,9.81,1.17,100,8.13,3.15,47,10.18,0.61,100,15.58,1.7,100,9.89
2023-07-22 03:00:00+00:00,0.81,30,8.64,1.99,37,6.13,4.13,55,11.19,2.09,61,7.43,3.2,100,9.78,1.23,100,8.29,2.96,34,8.5,0.46,100,15.47,1.52,100,10.04
2023-07-22 04:00:00+00:00,0.75,41,9.96,1.8,41,7.89,4.08,66,11.92,2.27,71,9.52,3.4,100,9.68,1.04,100,8.72,2.68,28,8.25,0.39,100,15.55,1.36,100,10.33
2023-07-22 05:00:00+00:00,0.88,47,10.62,2.55,50,10.23,4.02,73,12.8,2.9,77,11.44,3.58,100,8.06,0.97,100,9.02,2.24,24,10.74,0.48,90,16.45,1.22,100,10.57
2023-07-22 06:00:00+00:00,1.1,51,11.88,2.67,59,11.97,4.17,75,13.5,3.48,80,12.85,3.73,100,7.69,0.85,100,9.58,3.27,30,12.81,0.61,80,17.87,1.3,100,10.78
2023-07-22 07:00:00+00:00,1.06,70,13.33,3.34,100,12.54,4.36,55,14.23,3.61,80,14.1,3.79,100,7.22,0.89,100,9.79,3.9,31,14.86,1.18,83,18.43,1.18,100,10.79
2023-07-22 08:00:00+00:00,0.98,71,14.8,3.3,100,11.37,4.31,52,14.73,3.74,58,15.12,3.79,100,6.8,0.96,100,9.79,4.21,28,16.95,0.71,90,18.53,1.11,100,11.09
2023-07-22 09:00:00+00:00,1.19,80,15.52,2.61,100,11.3,4.01,58,14.83,3.84,64,15.04,3.74,100,6.41,0.93,100,9.67,4.81,29,18.73,0.68,93,19.6,1.34,100,11.51
2023-07-22 10:00:00+00:00,1.36,85,16.27,2.51,100,13.3,4.09,62,15.11,3.56,72,15.36,3.62,100,6.4,0.85,100,9.97,5.17,34,20.26,1.56,95,21.67,1.79,100,12.62
2023-07-22 11:00:00+00:00,1.29,88,17.5,3.42,97,15.23,4.01,66,15.28,3.6,77,15.46,3.52,100,6.39,1.11,100,9.86,5.31,44,21.48,2.5,96,21.1,2.16,100,12.99
2023-07-22 12:00:00+00:00,0.81,90,16.61,4.16,96,14.7,3.61,67,15.73,3.52,79,15.5,3.26,100,6.46,1.51,100,10.81,5.29,54,21.23,2.41,96,21.17,2.23,100,13.02
2023-07-22 13:00:00+00:00,0.16,100,14.75,3.31,100,13.76,3.48,63,16.14,3.3,97,15.18,3.0,100,6.57,1.71,61,13.59,5.5,100,20.64,2.05,100,20.27,1.93,100,12.73
2023-07-22 14:00:00+00:00,0.38,100,13.59,3.64,61,15.29,4.25,74,16.12,3.36,97,16.21,2.83,100,6.63,1.85,54,13.48,5.82,100,20.13,1.7,98,19.91,1.49,100,12.3
2023-07-22 15:00:00+00:00,0.42,100,13.49,3.46,44,16.45,5.06,75,15.94,4.1,97,16.12,2.86,100,6.64,1.95,67,12.88,5.22,99,20.17,1.13,99,19.22,0.84,100,12.17
2023-07-22 16:00:00+00:00,0.42,100,14.13,4.07,51,14.78,5.09,74,15.53,4.12,96,15.05,3.08,100,6.23,2.21,74,12.36,3.46,99,19.53,0.12,99,18.9,0.33,100,12.01
2023-07-22 17:00:00+00:00,0.58,100,14.04,4.18,46,15.69,4.58,70,15.2,3.7,96,14.26,2.93,100,6.24,2.12,76,11.81,5.19,98,21.1,0.21,99,18.79,0.64,100,11.81
2023-07-22 18:00:00+00:00,0.74,99,13.83,3.76,53,13.76,4.08,64,14.76,2.8,92,13.59,2.6,100,6.4,1.57,80,11.3,2.83,98,20.0,1.06,99,17.92,1.15,100,11.43
2023-07-22 19:00:00+00:00,0.81,97,12.27,2.98,19,11.98,4.05,45,13.7,2.15,22,11.78,2.67,100,6.35,1.82,96,10.05,2.66,98,18.11,1.03,100,17.38,1.34,100,10.89
2023-07-22 20:00:00+00:00,0.84,93,10.83,2.88,14,9.88,4.11,47,12.39,2.07,30,9.51,2.71,100,6.28,1.95,98,8.64,2.2,99,17.42,1.17,100,16.95,1.49,100,10.41
2023-07-22 21:00:00+00:00,1.29,100,9.54,2.37,21,9.76,3.93,32,11.37,1.83,26,10.47,2.24,100,7.06,1.82,99,7.26,3.63,0,15.54,0.37,70,15.42,0.58,100,10.66
2023-07-22 22:00:00+00:00,1.4,100,9.12,2.34,22,8.72,4.13,32,11.29,1.9,27,9.93,2.17,100,7.14,2.09,98,6.91,3.97,18,15.24,0.95,68,15.37,0.57,100,10.57
2023-07-22 23:00:00+00:00,1.41,100,8.79,2.32,21,8.15,4.14,33,11.18,1.91,27,8.92,2.01,100,7.35,2.08,97,6.63,3.86,36,15.14,1.11,65,15.21,0.42,100,10.44
2023-07-23 00:00:00+00:00,1.69,100,8.12,2.26,19,7.45,4.28,38,11.4,2.2,29,8.13,1.86,100,7.58,2.0,95,6.58,3.5,55,14.75,0.93,60,14.85,0.6,100,10.35
2023-07-23 01:00:00+00:00,1.75,86,7.55,2.11,7,6.77,4.12,71,11.15,2.31,74,8.01,1.74,100,7.89,1.81,97,7.38,3.75,80,14.38,0.95,24,14.34,0.96,100,10.01
2023-07-23 02:00:00+00:00,1.67,92,7.47,1.95,44,6.28,3.98,83,10.8,2.21,81,6.76,1.59,100,8.41,1.87,98,7.77,4.52,100,14.74,1.02,11,13.86,1.39,100,9.55
2023-07-23 03:00:00+00:00,1.61,95,8.71,1.98,54,6.24,4.11,87,11.08,2.12,72,6.52,1.53,100,8.91,1.81,99,7.75,4.33,100,14.2,0.82,9,13.68,1.63,100,9.46
2023-07-23 04:00:00+00:00,1.8,96,9.76,1.66,62,8.1,4.05,89,11.33,2.24,74,7.8,1.31,100,9.75,1.81,99,7.6,4.33,100,13.96,0.85,7,13.69,1.63,100,9.69
2023-07-23 05:00:00+00:00,1.75,97,10.19,2.01,64,10.06,3.96,91,11.49,2.63,79,9.85,1.28,100,9.96,1.68,99,7.61,4.92,100,15.46,0.7,6,15.61,1.72,100,10.04
2023-07-23 06:00:00+00:00,1.59,97,10.66,2.01,67,11.71,3.65,93,11.79,2.1,82,10.32,1.3,100,10.39,1.54,100,7.95,6.04,98,18.32,0.87,6,17.19,1.83,100,10.4
2023-07-23 07:00:00+00:00,1.75,100,11.41,1.88,88,13.68,3.38,94,12.35,1.99,98,10.2,1.33,100,10.95,1.38,100,8.51,7.25,92,20.89,1.12,3,18.91,2.05,100,10.7
2023-07-23 08:00:00+00:00,1.85,100,11.95,2.15,53,15.39,3.41,88,13.61,2.3,98,11.19,1.38,100,11.35,1.29,100,9.38,8.12,96,22.09,1.26,2,21.31,2.07,100,10.94
2023-07-23 09:00:00+00:00,1.82,100,12.67,2.25,47,16.88,3.69,83,14.17,3.06,96,13.01,1.37,100,11.4,1.32,100,9.62,8.98,97,23.24,1.64,1,23.14,2.04,100,11.14
2023-07-23 10:00:00+00:00,1.88,100,13.29,2.35,52,17.65,3.63,78,14.57,2.95,96,13.52,1.37,100,11.71,1.2,100,10.34,9.6,98,24.08,1.78,1,24.6,1.98,100,11.2
2023-07-23 11:00:00+00:00,1.79,100,14.32,3.01,61,17.16,3.63,71,15.51,3.02,96,14.27,1.46,100,11.9,1.13,100,10.92,9.73,98,23.66,1.8,2,25.98,1.84,100,11.0
2023-07-23 12:00:00+00:00,1.4,100,15.35,3.16,68,16.11,3.31,62,16.32,2.78,95,15.15,1.59,100,11.87,1.25,100,11.81,8.57,98,21.8,1.79,3,27.33,1.79,100,10.76
2023-07-23 13:00:00+00:00,0.91,84,16.19,3.21,100,17.13,3.34,5,16.8,2.68,59,16.62,1.96,100,11.62,1.32,100,12.73,8.98,100,20.01,1.66,5,27.67,1.62,100,10.59
2023-07-23 14:00:00+00:00,0.77,88,14.92,2.85,100,17.2,3.08,9,16.8,3.01,52,17.69,2.58,100,11.19,1.71,100,13.59,8.35,100,18.91,1.5,7,27.79,1.52,100,10.45
2023-07-23 15:00:00+00:00,0.4,90,14.18,2.77,100,16.79,2.72,8,16.71,2.99,47,17.6,3.11,100,10.53,1.98,98,13.47,8.76,100,21.17,1.26,7,27.77,1.65,100,10.34
2023-07-23 16:00:00+00:00,0.33,93,13.82,3.32,100,15.49,2.13,12,16.48,2.83,40,17.19,2.93,100,9.95,1.57,98,13.29,7.96,97,21.9,0.87,7,27.49,1.51,100,10.33
2023-07-23 17:00:00+00:00,0.4,91,13.76,3.01,100,13.84,1.18,17,16.25,2.02,35,16.67,2.8,100,8.59,1.39,85,13.0,7.49,95,21.69,0.54,7,26.0,1.44,100,10.2
2023-07-23 18:00:00+00:00,0.22,83,13.29,2.54,100,12.68,0.42,20,15.68,0.94,32,15.46,2.73,100,8.3,1.15,85,12.38,6.72,95,20.34,0.8,9,22.72,1.45,100,9.98
2023-07-23 19:00:00+00:00,0.38,28,11.29,2.03,100,11.83,0.94,43,13.92,0.66,16,12.44,2.56,100,8.18,0.95,100,10.42,5.26,81,19.19,1.49,44,20.52,1.52,100,9.84
2023-07-23 20:00:00+00:00,1.14,100,9.55,1.59,100,13.5,1.3,79,11.01,0.54,58,10.29,2.57,100,10.15,1.26,20,8.68,5.93,0,20.51,1.38,56,20.35,1.55,100,9.44
2023-07-23 21:00:00+00:00,1.64,100,9.41,1.22,100,13.15,1.66,80,11.25,0.34,61,10.2,2.5,100,10.14,0.9,22,8.51,5.78,20,20.16,1.28,59,20.1,1.51,100,9.43
2023-07-23 22:00:00+00:00,1.71,100,8.91,1.66,100,12.81,1.73,83,11.31,0.57,66,10.0,2.6,100,10.1,0.99,24,8.16,5.61,40,19.66,1.01,61,19.56,1.56,100,9.28
2023-07-23 23:00:00+00:00,1.75,100,8.15,1.7,100,12.57,1.95,87,11.24,0.77,73,9.64,2.55,100,10.04,1.16,25,7.72,5.15,60,18.94,1.1,57,18.8,1.54,100,9.15
2023-07-24 00:00:00+00:00,1.64,100,7.49,1.51,100,12.39,1.96,90,11.16,0.86,80,9.98,2.52,100,9.93,1.15,26,7.3,5.28,80,18.26,1.14,50,17.89,1.54,100,8.97
2023-07-24 01:00:00+00:00,1.61,100,6.49,2.21,100,12.23,2.16,100,10.92,1.01,100,9.37,2.43,100,9.84,1.03,71,6.78,5.52,100,16.97,1.26,10,16.94,1.44,100,8.81
2023-07-24 02:00:00+00:00,1.43,100,6.3,2.31,100,12.36,2.35,100,10.8,1.27,100,9.02,2.37,100,9.82,1.02,72,6.61,4.88,100,16.48,1.19,9,16.59,1.47,100,8.73
2023-07-24 03:00:00+00:00,1.33,99,7.28,2.24,100,12.73,2.64,100,10.76,1.75,100,8.36,2.33,100,9.83,1.06,72,6.88,4.55,100,16.48,1.15,8,16.37,1.43,100,8.86
2023-07-24 04:00:00+00:00,1.14,97,8.45,2.03,100,13.13,2.94,100,11.59,1.73,100,9.72,2.33,100,9.93,0.82,72,8.44,3.29,100,16.52,1.25,8,16.29,1.34,100,9.34
2023-07-24 05:00:00+00:00,1.26,84,9.99,1.92,100,13.59,3.83,100,12.75,2.43,100,11.33,2.42,100,10.11,0.56,62,9.34,3.81,100,17.82,1.22,7,18.17,1.35,100,9.65
2023-07-24 06:00:00+00:00,1.55,78,10.81,2.67,100,14.57,4.22,100,14.24,3.06,100,13.16,2.41,100,10.31,0.56,53,11.07,5.61,100,19.78,1.52,7,20.49,1.44,100,10.14
2023-07-24 07:00:00+00:00,1.82,65,12.51,2.96,97,15.62,4.44,100,15.6,3.39,100,14.68,2.77,100,11.12,0.6,2,12.65,5.62,99,21.57,2.0,8,22.25,1.29,100,10.44
2023-07-24 08:00:00+00:00,1.99,66,14.46,3.34,98,16.34,4.37,100,16.38,3.62,98,16.18,3.29,100,12.59,0.48,9,14.46,6.52,99,23.79,1.18,10,24.35,1.28,100,10.64
2023-07-24 09:00:00+00:00,1.91,63,15.96,3.76,98,17.75,3.74,100,16.36,3.72,98,16.92,3.25,100,13.17,0.52,22,15.76,7.4,99,25.15,2.11,13,25.95,1.24,100,10.81
2023-07-24 10:00:00+00:00,2.0,63,16.9,3.93,99,17.7,2.99,100,15.18,3.13,99,16.32,2.91,100,13.83,0.67,33,16.82,8.63,99,26.45,2.21,14,27.53,1.12,100,11.24
2023-07-24 11:00:00+00:00,2.38,66,17.05,3.89,99,17.91,3.28,100,14.04,2.82,99,15.16,2.8,100,15.06,0.85,42,17.25,7.98,100,24.48,1.84,25,28.38,1.13,100,11.73
2023-07-24 12:00:00+00:00,2.86,71,16.75,4.21,99,17.93,4.12,100,14.89,3.57,99,14.74,3.05,100,15.09,1.21,51,16.24,7.93,100,22.9,1.66,34,29.51,1.33,100,12.37
2023-07-24 13:00:00+00:00,2.87,100,16.06,3.67,100,17.5,5.27,100,16.79,5.05,100,17.0,2.85,100,14.35,1.86,100,15.54,6.67,100,21.37,1.61,97,30.05,1.61,99,13.15
2023-07-24 14:00:00+00:00,2.85,96,16.26,3.34,100,17.73,4.84,100,15.16,4.3,100,15.57,2.67,100,14.01,1.15,100,15.22,5.69,91,19.24,3.23,98,30.16,1.93,95,13.76
2023-07-24 15:00:00+00:00,3.19,84,16.75,4.03,79,19.85,4.52,100,14.95,4.28,100,14.75,2.29,100,14.56,0.24,99,15.74,5.42,94,17.87,2.32,99,30.02,2.34,95,13.92
2023-07-24 16:00:00+00:00,3.51,76,16.08,5.1,68,20.11,4.95,98,15.73,4.47,100,14.6,1.67,100,14.34,0.34,99,15.43,6.5,82,20.34,1.39,99,26.41,2.57,93,13.83
2023-07-24 17:00:00+00:00,3.13,75,15.22,4.81,69,19.0,5.22,97,16.2,4.56,99,14.92,1.65,100,13.68,1.07,98,15.35,6.31,82,20.25,2.25,99,25.92,2.32,90,13.41
2023-07-24 18:00:00+00:00,2.4,77,14.1,4.02,58,17.26,5.18,97,15.81,4.36,99,14.4,1.57,99,12.86,3.63,95,13.58,6.08,71,18.92,1.31,99,22.81,2.07,88,12.9
2023-07-24 19:00:00+00:00,1.77,86,12.43,3.72,98,15.36,4.92,96,15.84,4.05,100,14.59,0.8,59,10.87,1.58,73,11.4,5.39,0,16.83,1.48,100,20.79,1.51,98,12.12
2023-07-24 20:00:00+00:00,1.5,100,10.9,2.19,32,14.29,3.47,70,14.97,3.09,90,14.15,1.38,100,9.03,1.57,100,10.67,4.71,0,15.93,1.95,47,19.15,2.13,87,11.48
2023-07-24 21:00:00+00:00,1.21,100,10.83,2.27,31,14.59,3.23,69,14.91,2.82,89,14.16,1.66,100,8.8,1.42,100,10.65,4.72,0,15.87,1.88,52,19.3,1.9,88,11.43
2023-07-24 22:00:00+00:00,1.14,100,10.82,2.14,34,14.15,3.28,68,14.83,2.64,89,14.02,1.7,100,8.83,1.26,100,10.63,4.78,1,15.66,1.91,54,19.03,1.65,89,11.4
2023-07-24 23:00:00+00:00,1.22,100,10.75,2.01,42,13.6,3.03,65,14.42,2.1,88,13.57,1.79,100,8.93,1.29,100,10.46,4.52,2,15.18,1.55,60,18.67,1.48,90,11.28
2023-07-25 00:00:00+00:00,1.31,100,10.7,2.33,52,13.21,3.2,65,13.71,1.59,88,12.79,1.87,100,9.17,1.22,100,10.11,3.58,5,14.44,1.82,66,18.29,1.49,92,11.09
2023-07-25 01:00:00+00:00,1.41,100,10.83,2.67,86,12.74,3.31,94,13.1,1.4,98,11.81,1.96,100,9.22,1.29,100,9.83,2.96,36,13.38,1.29,90,17.72,1.51,98,10.85
2023-07-25 02:00:00+00:00,1.61,100,10.87,2.86,100,12.03,3.25,100,13.02,1.63,100,10.97,2.05,100,9.44,1.51,100,9.35,2.55,56,12.12,0.64,100,16.94,1.49,100,10.55
2023-07-25 03:00:00+00:00,1.83,100,10.78,3.11,100,11.43,3.67,100,13.29,1.6,100,11.58,2.17,100,9.5,1.25,85,8.79,1.98,71,11.63,0.81,70,16.44,1.35,100,10.6
2023-07-25 04:00:00+00:00,1.94,100,10.81,3.1,100,11.15,4.08,100,13.51,1.82,100,12.05,2.26,100,9.57,1.0,78,9.83,2.36,78,11.84,0.94,72,16.61,1.39,100,10.75
2023-07-25 05:00:00+00:00,2.02,100,11.26,3.79,100,11.87,4.53,100,13.75,2.48,100,12.4,2.63,100,9.86,1.44,81,10.2,1.83,83,13.38,0.52,75,18.26,1.31,100,10.87
2023-07-25 06:00:00+00:00,2.48,100,11.84,4.34,88,13.86,4.83,100,13.88,2.67,100,12.61,2.61,100,10.22,1.97,84,10.74,1.57,85,13.92,1.22,79,18.74,1.24,100,11.18
2023-07-25 07:00:00+00:00,2.32,100,12.09,4.59,5,15.59,4.8,100,13.89,2.71,100,12.61,2.62,99,10.73,2.11,100,10.4,1.26,100,13.95,0.99,100,18.97,1.37,100,12.11
2023-07-25 08:00:00+00:00,2.47,100,12.39,4.53,11,16.94,4.52,100,14.24,2.63,100,12.88,2.46,100,11.0,1.87,100,10.1,0.75,100,13.27,0.89,100,19.22,1.83,100,13.48
2023-07-25 09:00:00+00:00,2.89,100,12.73,5.0,24,17.66,4.41,98,15.55,2.83,100,13.87,2.4,100,11.11,1.58,100,10.9,1.55,100,12.97,1.09,100,19.66,2.62,99,14.91
2023-07-25 10:00:00+00:00,3.33,98,13.08,4.41,37,18.04,4.3,89,16.99,3.21,99,15.56,2.26,100,12.15,1.35,100,11.84,1.44,100,12.94,1.04,100,20.5,3.45,99,15.55
2023-07-25 11:00:00+00:00,3.22,99,12.6,4.59,36,19.76,4.66,77,17.99,3.71,92,18.35,2.25,99,13.38,1.45,100,11.94,1.85,100,12.68,1.01,100,19.45,3.07,99,16.18
2023-07-25 12:00:00+00:00,3.23,99,12.45,5.54,32,20.27,5.38,67,18.56,4.51,85,18.91,2.29,99,14.2,1.94,100,12.15,1.27,100,12.7,1.22,100,19.51,3.3,99,16.85
2023-07-25 13:00:00+00:00,3.01,100,12.72,5.95,17,20.04,6.15,7,18.74,4.84,28,19.51,2.49,100,13.96,2.32,100,12.42,1.29,100,13.11,2.47,97,19.8,4.82,100,15.88
2023-07-25 14:00:00+00:00,2.75,99,13.33,6.01,36,19.5,6.49,8,18.62,5.19,21,19.37,2.33,100,13.32,2.25,100,12.03,0.81,100,13.3,2.97,99,17.19,3.79,100,15.56
2023-07-25 15:00:00+00:00,2.59,89,14.31,6.36,40,18.41,6.65,8,18.28,5.23,17,18.7,2.1,100,13.03,1.31,100,11.42,2.71,100,13.26,1.28,99,15.98,3.71,100,16.66
2023-07-25 16:00:00+00:00,2.5,91,13.78,5.56,31,17.22,6.53,8,17.98,5.09,15,17.93,1.91,100,13.01,1.16,100,11.47,1.75,100,12.83,2.49,98,16.71,4.51,100,16.17
2023-07-25 17:00:00+00:00,2.13,92,12.9,4.53,26,16.55,6.45,8,17.43,4.4,14,17.02,2.24,99,13.07,1.24,100,10.91,1.11,100,13.08,0.88,99,15.98,4.09,100,15.11
2023-07-25 18:00:00+00:00,1.61,93,12.32,3.36,28,15.21,6.21,13,16.57,3.99,26,15.59,2.26,98,12.67,1.23,100,10.64,1.74,100,13.19,0.97,99,15.5,2.83,100,14.22
2023-07-25 19:00:00+00:00,1.2,100,11.26,3.62,60,13.62,5.87,16,15.6,3.75,81,14.22,2.38,100,11.95,0.95,100,10.35,2.89,100,12.74,1.0,100,15.32,2.59,100,12.99
2023-07-25 20:00:00+00:00,1.13,97,9.97,3.4,30,11.91,5.36,11,14.7,3.31,44,12.76,2.18,100,11.15,0.74,100,9.58,2.25,100,12.6,1.06,100,15.19,2.22,100,11.54
2023-07-25 21:00:00+00:00,0.93,95,9.24,3.48,22,11.06,4.71,10,13.98,2.49,31,11.4,1.89,100,10.55,0.77,100,9.36,2.08,100,12.6,0.98,100,14.95,1.94,100,11.23
2023-07-25 22:00:00+00:00,0.77,92,8.51,3.69,17,10.42,4.44,11,13.58,2.18,25,10.06,1.78,100,10.01,1.01,100,9.71,3.33,100,12.23,0.73,100,14.87,1.74,100,10.7
2023-07-25 23:00:00+00:00,0.73,88,8.02,3.73,15,9.84,4.61,14,13.61,2.2,21,9.02,1.83,100,9.2,1.05,100,9.95,2.84,100,11.51,0.74,100,14.76,1.57,100,10.36
2023-07-26 00:00:00+00:00,0.63,89,7.63,3.67,13,7.85,5.4,26,13.39,2.61,24,9.84,1.88,100,8.93,1.1,100,9.65,2.75,97,9.75,1.56,100,14.67,1.27,100,10.1
2023-07-26 01:00:00+00:00,0.89,95,7.39,3.7,21,7.4,5.49,7,12.74,3.28,16,10.34,1.94,100,8.56,1.08,100,9.43,2.61,27,8.0,1.46,100,14.16,1.1,100,10.19
2023-07-26 02:00:00+00:00,1.06,96,7.35,3.49,23,7.13,5.4,4,12.35,3.43,8,10.21,1.89,95,8.69,1.03,100,9.19,2.42,44,7.77,1.91,100,13.48,1.02,100,10.47
2023-07-26 03:00:00+00:00,1.33,97,8.39,3.2,21,6.73,5.6,3,11.99,3.42,6,9.85,1.78,97,9.86,0.83,100,9.09,2.62,35,7.15,1.12,100,12.9,1.04,100,10.81
2023-07-26 04:00:00+00:00,1.13,98,9.53,3.16,18,7.48,5.62,6,12.27,3.54,6,10.43,1.73,98,10.37,0.64,100,9.25,2.66,29,6.83,0.89,100,12.75,1.07,100,11.14
2023-07-26 05:00:00+00:00,1.16,98,9.79,3.97,16,10.21,5.64,10,12.93,3.85,8,11.78,1.57,98,10.8,0.48,100,9.62,2.42,28,9.4,0.99,100,12.64,1.01,100,11.4
2023-07-26 06:00:00+00:00,1.28,99,10.48,4.47,15,11.9,5.89,16,13.4,4.61,15,12.66,1.61,98,11.06,0.47,100,9.91,3.34,31,11.41,1.89,100,12.89,1.14,100,11.76
2023-07-26 07:00:00+00:00,1.54,100,11.37,4.47,13,13.3,5.78,66,13.71,4.64,29,13.52,1.67,100,11.65,0.46,100,9.94,4.08,60,12.73,1.13,100,13.18,1.06,100,12.33
2023-07-26 08:00:00+00:00,2.0,100,12.22,4.41,12,14.68,5.47,76,13.95,4.57,30,14.24,1.61,100,12.53,0.74,100,9.59,4.54,78,14.04,0.86,100,13.75,1.16,100,13.29
2023-07-26 09:00:00+00:00,2.27,100,12.69,4.33,12,16.08,5.25,82,14.14,4.55,33,14.5,1.51,100,13.4,0.79,100,9.77,4.94,77,15.64,1.18,100,14.9,1.42,100,14.53
2023-07-26 10:00:00+00:00,1.83,100,13.06,4.68,16,17.0,5.04,86,14.52,4.42,38,14.6,1.81,100,13.96,0.31,100,10.37,5.09,82,16.54,1.77,100,17.81,1.53,100,15.22
2023-07-26 11:00:00+00:00,1.33,100,13.48,5.24,23,17.29,5.1,86,15.07,4.53,44,15.12,1.87,100,14.15,0.25,100,11.24,5.76,86,16.82,2.09,95,19.21,1.74,100,15.85
2023-07-26 12:00:00+00:00,1.28,100,12.94,5.06,25,17.25,5.13,85,15.54,4.53,51,15.25,1.48,100,14.12,0.43,100,11.64,6.41,88,16.82,2.01,92,19.33,1.84,100,15.99
2023-07-26 13:00:00+00:00,1.13,91,14.09,5.44,59,13.2,5.81,51,17.32,4.81,92,16.19,2.38,100,16.89,1.94,100,12.8,5.73,40,16.23,1.83,35,21.13,2.58,98,15.94
2023-07-26 14:00:00+00:00,1.93,87,14.26,4.71,63,13.67,5.46,50,17.12,4.68,91,16.24,2.34,100,16.94,1.53,100,12.76,5.48,51,16.41,2.19,38,21.01,2.24,98,15.93
2023-07-26 15:00:00+00:00,1.88,82,14.42,4.44,65,14.62,5.61,45,16.93,4.25,90,16.18,2.38,100,17.04,1.24,100,12.53,5.37,58,16.93,1.95,44,20.55,2.09,96,16.19
2023-07-26 16:00:00+00:00,1.65,69,14.53,4.14,72,14.59,4.91,39,16.47,4.29,79,16.01,2.19,100,16.9,1.23,100,12.39,5.26,69,16.42,0.66,55,19.21,1.98,85,16.43
2023-07-26 17:00:00+00:00,1.49,57,14.4,3.92,77,14.65,4.68,32,15.78,3.6,70,15.18,1.73,100,16.53,1.28,99,12.57,3.53,80,15.35,0.09,66,17.12,1.9,73,16.51
2023-07-26 18:00:00+00:00,1.31,43,13.38,4.43,70,13.81,3.57,26,14.8,2.79,57,13.81,1.23,100,15.09,1.02,99,12.53,4.44,84,15.67,0.47,78,14.26,1.51,60,16.28
2023-07-26 19:00:00+00:00,1.13,94,11.81,3.51,7,11.47,3.1,7,13.43,1.62,9,11.64,0.66,68,13.13,1.02,99,11.03,3.35,58,13.44,0.81,100,12.57,1.35,18,14.32
2023-07-26 20:00:00+00:00,1.05,97,10.4,2.59,7,9.57,3.47,12,11.9,1.57,8,9.76,1.12,77,11.38,0.66,73,9.77,2.69,32,11.02,1.42,61,11.25,1.13,17,11.33
2023-07-26 21:00:00+00:00,0.75,98,9.82,2.48,7,7.69,3.48,20,11.34,1.84,8,8.7,1.52,83,10.77,0.46,56,8.98,3.03,24,10.39,1.71,45,10.39,1.11,18,9.93
2023-07-26 22:00:00+00:00,0.6,98,9.82,2.94,20,7.54,3.38,21,10.6,1.68,7,8.01,1.44,87,10.47,0.49,49,8.58,2.89,19,10.09,2.04,38,9.89,1.07,18,9.4
2023-07-26 23:00:00+00:00,0.47,99,9.43,3.23,35,7.73,3.1,20,9.97,1.56,7,7.56,1.46,89,10.24,0.56,45,8.29,2.78,27,9.83,1.86,31,9.49,1.05,18,9.65
2023-07-27 00:00:00+00:00,0.59,99,9.01,3.36,46,8.18,2.64,23,9.67,1.3,7,7.8,1.56,90,10.01,0.64,40,8.04,3.0,34,9.57,1.49,27,9.44,1.05,21,9.31
2023-07-27 01:00:00+00:00,0.75,92,8.51,3.91,100,7.93,2.72,52,8.57,1.21,9,7.6,1.67,87,9.71,0.66,22,7.87,2.87,80,10.65,1.36,5,9.29,1.04,39,9.08
2023-07-27 02:00:00+00:00,0.81,89,8.15,4.04,100,9.63,2.53,52,8.7,1.17,12,7.58,1.67,84,9.71,0.61,31,7.74,2.78,90,10.84,1.41,16,8.96,1.04,44,8.81
2023-07-27 03:00:00+00:00,0.94,93,8.57,4.3,100,9.96,2.54,50,8.5,1.42,25,7.27,1.5,83,10.71,0.97,47,8.42,2.69,93,11.25,1.35,44,8.87,1.01,44,9.68
2023-07-27 04:00:00+00:00,0.85,95,9.81,4.52,100,10.32,2.48,52,10.11,1.49,38,8.9,1.14,81,12.58,0.79,60,9.48,3.02,95,11.69,1.23,56,8.95,0.89,42,11.45
2023-07-27 05:00:00+00:00,0.73,96,10.49,4.54,97,10.83,2.94,56,11.62,2.44,49,9.89,0.93,83,14.34,0.66,68,9.63,4.02,96,13.04,1.28,65,10.13,1.06,43,12.79
2023-07-27 06:00:00+00:00,0.82,96,11.81,4.8,98,11.38,3.33,62,12.77,3.24,54,11.2,0.41,82,16.1,0.77,73,10.51,5.33,97,14.69,1.2,67,12.3,1.1,43,14.24
2023-07-27 07:00:00+00:00,1.25,100,13.19,5.18,100,12.27,3.42,99,12.65,3.51,94,10.45,0.3,93,17.35,0.94,78,11.98,6.25,100,15.36,1.35,51,14.65,1.22,27,15.61
2023-07-27 08:00:00+00:00,1.78,98,14.04,5.36,98,12.16,3.61,98,12.32,3.0,97,10.59,0.72,84,18.45,1.3,73,13.42,6.91,100,14.89,1.72,57,16.8,1.25,24,16.61
2023-07-27 09:00:00+00:00,1.99,96,14.48,4.89,99,11.66,3.72,98,13.31,3.38,94,13.06,1.12,78,19.52,1.39,62,14.93,6.18,100,14.52,1.71,70,18.12,1.33,23,17.55
2023-07-27 10:00:00+00:00,1.57,97,14.33,5.81,94,14.15,4.05,95,14.68,3.94,92,13.68,1.66,74,19.8,1.45,67,16.28,5.05,100,12.75,1.69,75,19.69,1.54,27,18.02
2023-07-27 11:00:00+00:00,1.04,98,14.21,4.71,95,12.07,3.29,94,15.37,3.72,92,14.12,2.26,74,20.19,1.4,73,17.05,5.5,100,12.68,1.6,73,21.09,1.63,29,18.4
2023-07-27 12:00:00+00:00,0.79,98,15.05,5.37,95,13.81,1.98,92,16.38,3.05,90,15.58,3.33,76,19.45,2.18,78,16.83,5.99,100,12.78,1.35,69,22.09,2.18,33,18.49
2023-07-27 13:00:00+00:00,1.42,90,15.55,5.13,100,13.47,1.45,78,16.65,2.46,90,15.78,3.55,98,17.58,2.95,100,15.35,6.6,100,12.94,1.67,18,22.68,2.6,71,18.4
2023-07-27 14:00:00+00:00,2.34,95,15.28,5.66,99,14.46,2.24,73,17.1,1.95,92,15.38,3.27,97,18.09,1.56,100,14.5,6.15,100,12.86,1.73,20,22.82,2.53,85,18.37
2023-07-27 15:00:00+00:00,2.32,97,14.94,5.13,93,14.35,3.36,73,16.33,1.38,86,15.54,3.22,94,19.0,1.0,100,15.33,6.01,100,13.3,1.53,20,22.6,2.37,90,18.0
2023-07-27 16:00:00+00:00,2.13,91,14.88,5.06,92,14.37,3.67,71,16.02,0.97,74,15.86,2.65,93,19.2,1.41,100,14.85,5.63,100,13.89,1.08,19,22.23,2.21,92,17.46
2023-07-27 17:00:00+00:00,1.99,75,14.45,4.5,91,14.11,3.16,68,15.45,1.32,70,15.28,2.15,85,18.76,1.1,100,14.03,4.95,100,14.15,0.48,17,21.69,2.05,94,16.94
2023-07-27 18:00:00+00:00,2.0,63,13.17,4.09,83,13.25,2.65,67,14.97,1.51,63,14.21,1.9,75,16.82,1.08,100,13.04,4.71,100,14.72,0.39,17,18.32,1.76,95,15.93
2023-07-27 19:00:00+00:00,1.98,6,11.39,3.7,10,12.0,2.32,60,13.93,1.51,51,11.98,1.77,54,14.59,1.09,100,11.36,4.48,100,15.04,0.71,84,16.0,1.59,100,14.69
2023-07-27 20:00:00+00:00,1.95,3,9.65,3.32,5,11.0,2.04,57,13.09,1.46,61,10.43,1.75,69,12.89,0.69,100,9.63,4.81,100,15.07,0.89,92,15.37,1.39,100,13.2
2023-07-27 21:00:00+00:00,1.93,2,8.33,2.86,5,10.28,1.72,54,12.65,1.43,49,9.81,1.87,75,12.07,0.7,89,9.15,4.83,100,15.37,0.82,83,14.97,1.44,100,12.54
2023-07-27 22:00:00+00:00,1.7,2,7.84,2.65,5,8.72,2.27,57,12.77,1.31,53,9.96,1.93,82,11.34,0.6,73,8.59,4.71,100,15.69,0.82,87,15.44,1.25,100,12.32
2023-07-27 23:00:00+00:00,1.57,100,8.36,2.29,8,9.81,1.88,23,12.63,1.46,44,11.72,1.3,97,11.72,0.87,53,8.25,6.21,75,17.02,0.9,85,15.04,0.91,72,9.43
2023-07-28 00:00:00+00:00,1.53,100,8.5,2.18,8,8.92,1.92,23,12.29,1.42,43,11.08,1.35,97,11.64,0.78,55,8.19,5.74,80,16.79,1.17,85,14.67,0.86,72,9.34
2023-07-28 01:00:00+00:00,1.45,100,8.69,2.04,7,8.55,1.75,21,11.83,1.29,34,10.34,1.15,98,11.47,0.67,72,8.05,5.34,85,16.5,1.26,91,14.33,0.86,53,9.85
2023-07-28 02:00:00+00:00,1.19,100,9.04,1.97,6,8.04,1.71,17,11.24,1.28,28,9.9,1.16,99,11.48,0.76,81,7.75,5.05,90,16.28,1.25,83,13.59,0.94,57,9.81
2023-07-28 03:00:00+00:00,1.03,95,8.84,1.93,6,7.45,1.77,14,10.65,1.23,22,9.12,0.97,99,12.05,0.66,91,8.32,5.01,95,15.98,1.59,61,12.57,0.74,57,9.56
2023-07-28 04:00:00+00:00,0.99,74,9.85,1.75,7,8.08,1.51,12,10.69,1.13,16,9.3,0.97,100,13.17,0.39,100,9.59,5.1,100,15.96,1.65,41,11.88,0.41,65,11.69
2023-07-28 05:00:00+00:00,1.02,62,10.76,1.99,15,10.32,1.15,18,11.93,0.73,15,10.63,0.84,100,14.27,0.12,100,9.42,5.32,100,16.34,1.51,35,13.93,0.25,72,12.74
2023-07-28 06:00:00+00:00,1.18,54,12.64,2.31,14,12.26,1.22,26,13.05,0.8,16,12.43,1.25,100,15.57,0.17,100,10.16,5.42,100,16.82,1.61,33,16.13,0.45,77,13.78
2023-07-28 07:00:00+00:00,1.26,14,14.5,2.43,4,13.95,1.47,88,14.06,1.3,50,13.97,1.7,100,16.52,0.58,92,10.78,5.94,100,16.74,1.97,41,18.2,0.79,100,14.72
2023-07-28 08:00:00+00:00,1.16,9,16.16,2.5,2,15.77,1.95,74,15.33,1.62,50,15.96,1.92,100,17.4,1.07,91,11.5,6.09,100,16.83,1.95,71,19.72,0.37,100,15.58
2023-07-28 09:00:00+00:00,1.16,6,17.55,2.65,2,17.26,3.05,54,16.03,2.22,46,16.76,2.35,100,18.01,1.33,80,14.57,6.21,100,17.66,2.04,80,21.63,0.4,100,16.41
2023-07-28 10:00:00+00:00,1.44,4,18.32,2.91,7,18.55,3.66,48,16.18,2.99,53,16.4,2.12,100,18.07,0.89,61,16.94,6.26,100,18.75,2.1,85,23.34,0.67,100,17.22
2023-07-28 11:00:00+00:00,1.08,5,19.52,3.32,14,19.34,3.81,42,16.58,3.3,59,16.58,1.69,100,18.55,0.34,51,18.14,6.38,100,18.85,1.95,73,24.89,1.66,100,18.05
2023-07-28 12:00:00+00:00,0.82,17,19.68,3.58,27,19.58,4.05,38,17.0,3.41,55,17.02,1.06,100,19.16,0.48,49,18.56,6.16,100,18.84,1.58,61,26.14,2.38,95,18.51
2023-07-28 13:00:00+00:00,1.16,100,17.53,3.57,68,19.38,3.72,18,17.54,3.51,59,17.83,1.11,100,18.76,1.26,72,18.04,6.36,100,20.24,1.49,1,27.03,3.37,100,18.6
2023-07-28 14:00:00+00:00,1.52,100,14.79,3.66,75,18.99,3.34,34,17.95,3.86,44,18.56,1.21,100,17.87,2.04,85,15.88,6.61,100,21.08,1.29,3,27.21,3.83,99,17.18
2023-07-28 15:00:00+00:00,1.68,100,14.67,3.31,78,18.69,3.66,30,18.25,3.67,35,18.94,1.55,100,16.56,1.86,90,14.35,6.34,98,21.98,0.64,3,27.15,3.41,99,17.09
2023-07-28 16:00:00+00:00,2.13,100,16.72,2.93,82,18.44,3.5,40,17.88,3.89,29,18.86,2.14,100,14.94,1.24,93,14.91,6.35,93,21.75,0.19,3,26.28,3.49,99,16.69
2023-07-28 17:00:00+00:00,1.79,100,16.5,2.66,81,17.66,3.09,52,17.83,3.66,32,17.81,1.28,100,13.23,0.98,87,15.81,6.04,95,21.15,0.99,6,24.86,2.7,100,16.22
2023-07-28 18:00:00+00:00,1.6,100,14.96,2.31,82,16.49,3.26,59,17.01,3.22,37,16.16,0.64,100,12.26,0.54,75,14.85,5.31,96,19.47,1.21,22,21.31,2.89,100,15.38
2023-07-28 19:00:00+00:00,1.44,100,13.72,2.18,13,13.67,2.9,96,16.34,2.76,81,14.47,1.3,100,12.06,1.32,36,12.47,4.51,100,17.92,1.37,100,19.4,2.73,100,14.25
2023-07-28 20:00:00+00:00,1.36,100,12.87,1.97,15,12.29,3.12,96,16.21,2.06,84,13.57,1.61,100,12.29,1.61,68,10.17,3.28,73,16.69,1.3,100,18.34,2.68,100,13.17
2023-07-28 21:00:00+00:00,1.41,100,12.07,2.12,15,11.33,3.94,90,15.52,2.14,89,13.88,1.89,100,12.28,1.54,79,9.56,3.41,50,16.15,1.4,100,18.01,2.42,100,12.22
2023-07-28 22:00:00+00:00,1.54,100,10.69,2.13,11,10.51,3.57,73,14.43,2.76,88,13.43,1.99,100,12.31,1.85,84,9.47,3.31,44,16.04,1.85,100,17.72,2.21,100,11.53
2023-07-28 23:00:00+00:00,2.39,100,10.46,2.16,9,9.87,3.55,65,13.89,2.62,87,12.32,2.06,100,12.35,1.87,87,9.44,3.24,38,15.99,1.43,100,17.49,2.24,100,11.08
2023-07-29 00:00:00+00:00,2.08,100,10.01,2.23,8,8.96,3.69,57,13.43,2.75,83,11.11,2.19,100,12.33,2.07,89,8.9,3.0,47,15.76,1.27,100,17.26,2.41,99,9.94
2023-07-29 01:00:00+00:00,2.5,100,10.29,2.15,25,8.31,3.59,26,12.98,2.71,15,10.78,2.65,100,12.07,1.95,100,8.59,3.21,39,15.76,1.03,100,17.3,2.37,100,8.88
2023-07-29 02:00:00+00:00,2.04,100,10.06,2.1,57,7.85,3.68,18,12.69,2.67,18,10.27,2.04,100,12.13,1.68,100,8.68,3.33,45,15.64,1.11,100,17.21,2.24,97,8.42
2023-07-29 03:00:00+00:00,1.68,100,9.94,2.07,68,7.64,3.46,22,12.48,2.51,33,10.11,2.01,100,12.38,1.42,100,9.19,3.16,63,15.88,0.5,100,17.0,2.28,95,8.69
2023-07-29 04:00:00+00:00,1.65,100,10.15,1.62,76,9.45,3.39,24,12.98,2.4,33,10.98,2.56,100,12.55,1.44,100,10.0,3.38,73,16.27,0.8,93,16.47,2.15,96,10.01
2023-07-29 05:00:00+00:00,1.7,100,10.34,1.86,81,11.59,3.5,21,14.32,2.87,27,13.05,3.11,100,13.14,1.46,100,10.58,4.17,78,17.22,0.94,91,17.55,2.21,97,10.75
2023-07-29 06:00:00+00:00,2.28,100,10.49,2.17,84,13.78,3.98,18,15.12,3.51,22,14.73,3.51,100,12.65,1.34,100,10.53,5.22,82,18.13,0.85,83,19.24,2.29,96,11.63
2023-07-29 07:00:00+00:00,2.23,100,10.74,2.55,100,15.91,4.13,3,15.86,3.58,0,16.13,3.45,100,13.98,1.04,100,11.02,4.69,100,18.16,1.05,52,20.91,2.29,77,12.84
2023-07-29 08:00:00+00:00,1.75,100,11.22,2.89,99,17.68,4.34,3,16.51,3.78,0,17.3,3.25,100,15.66,0.83,100,11.49,6.22,100,19.67,1.37,73,22.86,2.25,88,13.87
2023-07-29 09:00:00+00:00,1.31,100,11.6,3.13,98,19.11,4.32,4,17.13,4.0,0,18.29,2.02,100,16.25,0.77,100,12.03,5.87,100,20.76,1.3,53,24.28,2.44,92,14.98
2023-07-29 10:00:00+00:00,1.96,100,13.4,3.12,99,20.33,3.99,6,17.63,3.71,1,19.17,2.65,100,17.05,0.62,100,12.73,6.61,87,22.03,1.21,44,25.61,2.51,94,15.89
2023-07-29 11:00:00+00:00,2.79,100,14.12,2.89,99,21.15,3.86,7,18.11,3.91,1,19.82,2.62,100,16.38,0.89,100,13.36,6.82,75,22.82,1.09,39,27.6,2.81,95,16.82
2023-07-29 12:00:00+00:00,3.88,100,18.43,3.74,97,20.0,3.17,9,21.46,3.7,4,20.29,5.44,100,13.34,1.81,91,18.87,6.81,75,24.08,1.46,38,29.47,3.85,99,16.66
2023-07-29 13:00:00+00:00,3.74,100,18.52,2.65,98,20.26,3.02,9,20.99,3.62,5,20.4,5.6,100,13.52,1.32,93,18.8,7.08,80,23.84,1.45,35,29.28,3.76,99,16.68
2023-07-29 14:00:00+00:00,3.26,100,18.79,2.67,98,20.92,3.02,9,20.64,3.58,4,20.57,5.8,100,14.09,0.29,95,18.19,7.42,75,23.48,1.48,34,29.05,3.75,99,16.65
2023-07-29 15:00:00+00:00,3.27,100,18.96,3.93,99,20.78,3.41,10,20.3,3.21,5,20.68,5.54,100,14.63,0.16,96,17.15,7.4,73,22.72,1.37,36,28.76,3.48,100,16.54
2023-07-29 16:00:00+00:00,2.65,100,18.92,2.88,99,20.41,3.33,10,19.67,3.13,6,20.48,5.02,100,14.61,0.14,98,16.02,7.01,61,22.09,1.26,48,28.11,3.05,100,16.2
2023-07-29 17:00:00+00:00,2.13,100,17.94,3.58,100,19.29,2.58,13,19.04,2.68,9,19.7,5.31,99,15.05,0.4,100,14.98,6.12,49,20.48,1.32,57,24.2,2.53,100,15.67
2023-07-29 18:00:00+00:00,2.01,100,16.72,2.6,100,15.76,1.74,25,18.21,1.55,16,17.98,5.25,88,14.21,0.5,100,14.74,5.25,44,19.33,1.57,64,21.46,2.06,100,15.04
2023-07-29 19:00:00+00:00,1.61,100,14.68,1.89,100,14.71,1.3,100,16.62,1.12,100,15.38,4.7,55,13.18,0.76,100,13.94,4.04,10,17.48,1.52,99,19.58,1.68,100,13.6
2023-07-29 20:00:00+00:00,1.38,100,12.96,1.69,100,14.64,1.09,100,15.66,0.72,100,14.13,4.48,54,12.37,0.48,100,13.11,3.7,8,16.43,1.64,89,18.81,1.48,100,11.58
2023-07-29 21:00:00+00:00,1.18,100,12.23,1.85,100,14.56,1.16,100,15.37,0.65,100,13.76,4.23,69,12.7,0.47,100,12.83,3.41,38,16.13,1.62,89,18.53,1.27,100,10.53
2023-07-29 22:00:00+00:00,1.05,100,11.76,1.86,100,14.27,1.13,100,15.16,0.67,100,13.56,4.29,77,12.68,0.5,100,12.5,3.12,53,15.97,1.64,91,18.09,1.21,100,9.89
2023-07-29 23:00:00+00:00,0.92,100,11.37,2.13,100,14.22,1.26,100,15.03,0.77,100,13.45,4.36,80,12.21,0.41,100,12.32,3.04,63,15.69,1.81,92,17.99,0.9,94,9.71
2023-07-30 00:00:00+00:00,0.78,100,11.07,2.3,100,14.21,1.4,100,14.89,0.92,100,13.25,4.27,82,11.88,0.54,100,12.06,2.58,69,15.3,1.34,94,17.76,0.62,91,9.28
2023-07-30 01:00:00+00:00,0.78,100,10.91,2.69,100,14.11,1.48,100,14.83,0.82,100,13.55,4.44,100,11.91,0.61,100,11.86,2.49,100,15.03,1.01,100,17.53,0.36,83,9.06
2023-07-30 02:00:00+00:00,0.74,100,10.72,2.9,100,13.87,1.65,100,14.76,0.84,100,13.31,4.22,100,11.85,0.75,100,11.7,2.39,100,14.68,0.79,100,17.42,0.66,88,8.95
2023-07-30 03:00:00+00:00,0.7,100,11.41,2.49,100,13.79,2.06,100,14.57,0.98,100,13.02,4.27,99,11.9,0.74,100,11.64,2.46,100,14.42,0.75,100,17.48,0.74,92,9.72
2023-07-30 04:00:00+00:00,0.85,100,12.55,3.19,100,13.66,1.85,99,14.71,0.97,100,13.64,4.29,98,12.23,0.94,100,11.93,2.55,100,14.39,0.93,100,17.43,0.94,93,11.27
2023-07-30 05:00:00+00:00,0.73,100,13.5,3.13,100,13.99,1.71,98,15.29,0.97,100,14.05,4.28,98,12.86,0.74,100,12.45,2.94,100,15.54,1.11,100,17.48,1.12,95,12.58
2023-07-30 06:00:00+00:00,0.67,100,14.26,3.91,100,14.55,1.87,98,15.81,0.97,100,14.68,4.28,97,13.73,0.77,100,13.16,4.43,99,17.22,0.64,100,18.25,1.42,96,14.09
2023-07-30 07:00:00+00:00,0.95,100,15.01,3.81,100,14.85,2.11,99,16.23,1.01,100,14.97,4.1,67,14.68,1.03,100,13.92,5.66,8,18.46,0.52,98,20.25,1.82,100,15.53
2023-07-30 08:00:00+00:00,1.44,100,15.51,4.33,100,15.03,2.6,99,16.63,1.28,100,15.86,3.84,59,15.76,1.41,100,14.56,6.64,9,19.66,0.34,94,21.28,2.12,99,16.93
2023-07-30 09:00:00+00:00,2.0,100,16.12,4.09,100,15.07,2.76,100,16.26,1.87,100,15.94,3.49,47,17.06,1.65,100,15.36,7.39,21,20.0,1.25,76,22.85,2.48,98,18.21
2023-07-30 10:00:00+00:00,2.32,100,17.38,4.21,100,16.06,2.8,99,16.22,2.04,100,15.41,3.23,38,18.19,1.71,100,16.04,6.42,41,17.98,0.95,62,24.82,2.89,93,19.26
2023-07-30 11:00:00+00:00,2.64,100,19.64,4.04,87,19.4,3.89,95,17.38,2.1,100,15.48,3.12,32,19.1,2.16,100,17.95,8.0,53,20.76,0.07,54,25.52,2.99,78,20.22
2023-07-30 12:00:00+00:00,3.14,97,20.69,4.08,76,21.18,4.92,86,18.4,3.24,97,16.83,3.13,29,19.73,2.95,96,19.81,8.25,61,21.94,0.99,51,25.52,3.02,71,20.93
2023-07-30 13:00:00+00:00,3.69,81,21.16,4.84,50,21.91,4.69,28,19.13,4.02,52,18.44,2.77,39,20.07,2.71,89,17.31,8.56,94,22.9,1.24,36,24.96,3.28,72,20.44
2023-07-30 14:00:00+00:00,3.39,91,19.7,5.05,74,20.97,4.73,17,19.26,4.29,44,19.78,1.58,56,18.85,0.41,95,15.27,8.4,95,22.77,1.46,53,24.98,3.42,84,18.91
2023-07-30 15:00:00+00:00,3.46,94,18.53,4.62,83,20.15,5.27,16,19.27,4.65,31,19.68,0.07,67,16.85,2.05,96,16.99,7.87,96,22.32,1.18,67,24.04,2.54,89,17.67
2023-07-30 16:00:00+00:00,3.39,95,17.98,4.15,87,19.52,5.5,23,18.97,4.48,29,18.98,0.26,70,17.04,4.0,96,15.08,7.2,97,21.66,0.91,75,22.58,1.77,92,17.44
2023-07-30 17:00:00+00:00,3.88,96,16.71,3.63,74,18.89,5.0,37,18.13,3.68,39,17.92,0.47,75,16.82,0.45,97,12.55,7.1,95,20.6,0.89,80,20.97,1.28,94,17.3
2023-07-30 18:00:00+00:00,2.6,97,15.77,2.46,74,16.82,4.34,48,17.19,3.1,49,16.0,0.51,79,15.81,1.22,97,12.88,5.83,95,18.51,0.77,83,19.88,1.53,95,17.19
2023-07-30 19:00:00+00:00,1.6,62,13.93,2.09,95,14.03,3.45,100,16.03,1.92,100,13.7,0.66,87,14.74,1.75,90,12.4,4.28,100,16.38,1.24,94,18.6,1.79,98,16.72
2023-07-30 20:00:00+00:00,2.1,87,12.04,2.38,98,11.56,2.33,14,13.6,1.48,15,12.29,0.93,6,11.52,2.45,68,11.69,3.37,20,15.32,1.85,10,17.35,1.62,100,15.39
2023-07-30 21:00:00+00:00,1.56,88,11.93,3.63,98,11.22,1.86,16,13.42,1.29,14,12.49,1.01,7,11.4,1.07,71,11.72,3.89,0,15.52,2.2,10,17.41,1.7,100,15.33
2023-07-30 22:00:00+00:00,1.32,88,11.83,0.93,98,11.44,1.2,20,13.46,0.96,18,12.14,1.23,7,11.35,0.77,72,11.61,3.99,20,15.24,1.88,10,17.13,1.84,100,15.29
2023-07-30 23:00:00+00:00,1.21,88,11.58,1.5,98,11.64,1.21,27,13.26,0.75,24,11.62,1.15,11,11.1,0.95,75,11.37,4.49,40,15.1,1.64,17,16.73,1.99,100,15.05
2023-07-31 00:00:00+00:00,1.22,89,11.26,2.4,99,11.53,2.12,38,12.96,0.78,34,11.37,0.94,14,10.74,1.24,79,11.22,5.61,60,14.95,1.5,28,16.24,2.04,97,14.04
2023-07-31 01:00:00+00:00,1.27,95,11.34,2.78,100,11.08,2.29,83,12.55,1.22,81,10.75,1.13,32,10.55,1.25,94,11.07,6.17,80,15.19,1.12,82,15.64,1.81,89,13.17
2023-07-31 02:00:00+00:00,1.21,99,11.43,2.84,100,10.53,2.01,100,12.47,0.56,99,10.82,1.59,36,10.05,1.14,100,10.81,7.05,100,14.9,1.38,100,15.42,1.77,90,12.82
2023-07-31 03:00:00+00:00,1.13,98,11.51,2.68,100,10.21,2.31,100,12.32,1.22,99,10.5,1.48,40,10.65,1.1,100,10.94,7.77,100,14.83,1.02,94,14.64,2.04,68,11.84
2023-07-31 04:00:00+00:00,0.95,98,12.14,2.65,100,10.4,2.05,100,12.6,0.65,99,11.14,1.32,48,11.86,1.12,100,11.0,7.55,100,14.63,0.96,96,14.75,2.09,56,13.13
2023-07-31 05:00:00+00:00,1.29,98,13.03,2.91,100,10.89,1.97,100,13.34,0.74,100,12.24,1.87,55,12.88,1.07,100,11.36,7.25,100,15.12,0.71,96,16.19,2.21,59,14.52
2023-07-31 06:00:00+00:00,1.48,98,13.88,3.19,100,11.22,2.15,100,14.23,1.03,100,13.21,2.28,63,13.54,1.31,100,12.56,7.65,97,16.23,0.46,97,17.69,2.88,64,15.35
2023-07-31 07:00:00+00:00,1.67,100,14.18,3.26,100,11.54,2.11,82,15.22,1.52,94,14.56,2.61,100,14.58,1.4,100,12.92,7.37,100,17.02,0.87,64,19.79,4.09,70,16.55
2023-07-31 08:00:00+00:00,2.27,100,15.45,3.14,100,12.1,2.33,77,16.11,1.83,93,15.84,2.85,100,15.73,1.59,97,13.98,7.56,100,17.51,1.36,79,21.28,5.37,78,16.82
2023-07-31 09:00:00+00:00,3.52,100,15.8,3.32,100,13.13,2.2,81,16.61,2.19,95,16.34,3.07,100,16.87,1.87,97,14.47,8.11,100,18.72,1.34,84,22.79,6.03,82,17.17
2023-07-31 10:00:00+00:00,3.74,100,15.56,3.05,100,15.27,1.77,84,16.8,2.17,96,15.75,3.43,100,17.57,2.11,97,14.9,9.09,100,20.72,1.77,83,23.42,5.81,86,16.69
2023-07-31 11:00:00+00:00,3.82,100,15.84,3.43,99,16.83,1.2,87,16.5,1.63,97,15.59,3.5,100,17.51,2.39,98,15.3,9.2,100,19.54,2.04,84,23.38,6.36,89,17.15
2023-07-31 12:00:00+00:00,3.88,100,17.21,3.33,99,16.74,1.15,89,16.75,0.94,97,16.25,3.49,100,17.89,2.68,98,15.51,7.83,100,18.36,2.06,86,23.19,7.65,90,18.05
2023-07-31 13:00:00+00:00,4.14,100,17.35,3.89,100,17.45,1.49,98,17.13,0.42,100,16.89,3.89,100,17.54,2.68,100,15.44,9.19,100,20.24,1.97,100,23.05,7.92,75,18.19
2023-07-31 14:00:00+00:00,4.43,100,17.58,3.73,100,16.85,1.6,99,17.54,0.37,99,17.01,3.63,99,17.39,2.83,100,15.26,8.68,100,21.85,1.43,97,23.47,7.17,74,17.9
2023-07-31 15:00:00+00:00,4.33,100,16.91,3.44,100,16.31,1.33,92,17.68,0.38,98,16.7,3.66,93,17.38,2.94,100,14.78,9.09,99,20.75,0.61,90,24.11,6.23,76,17.4
2023-07-31 16:00:00+00:00,3.98,100,15.78,3.41,100,15.92,1.24,87,17.28,0.69,99,16.18,3.46,91,16.19,2.85,100,14.15,5.77,100,17.39,0.76,85,23.42,5.51,77,16.71
2023-07-31 17:00:00+00:00,3.91,100,15.01,2.87,100,14.59,1.46,88,16.76,1.27,99,15.69,2.54,92,15.14,2.91,100,13.24,6.15,100,17.24,0.68,73,22.48,5.19,74,15.65
2023-07-31 18:00:00+00:00,3.48,100,13.7,1.92,100,13.91,1.75,86,15.6,1.7,97,14.08,1.71,92,14.49,2.74,100,12.38,5.19,100,16.47,0.91,78,20.11,4.5,78,14.3
2023-07-31 19:00:00+00:00,3.13,100,12.69,1.77,100,12.21,2.15,83,14.21,1.33,98,12.32,1.2,93,13.48,2.13,100,11.55,5.17,100,16.27,1.16,100,18.6,3.67,100,13.75
2023-07-31 20:00:00+00:00,2.5,100,12.09,1.96,59,11.29,2.22,91,13.31,1.33,99,11.21,1.4,97,13.25,1.54,100,10.15,5.42,100,16.05,0.89,100,18.04,2.74,98,12.82
2023-07-31 21:00:00+00:00,1.57,100,10.53,1.15,37,12.22,2.23,99,13.34,0.98,93,12.36,1.84,98,13.82,1.28,100,10.07,7.03,40,16.67,1.06,100,18.13,3.75,100,13.42
2023-07-31 22:00:00+00:00,1.67,100,10.6,0.73,35,11.71,2.62,99,13.34,1.06,92,11.91,1.86,98,13.74,1.67,100,9.95,7.72,52,16.48,1.37,100,18.08,2.97,100,13.46
2023-07-31 23:00:00+00:00,1.88,100,11.02,0.97,31,11.04,2.95,99,13.08,1.25,85,11.26,2.11,98,13.51,1.42,100,9.92,7.76,64,16.33,1.3,98,17.89,2.56,100,13.42
2023-08-01 00:00:00+00:00,1.76,100,11.37,1.1,26,10.29,3.26,92,12.69,1.47,75,10.45,2.21,99,13.45,1.41,100,9.79,7.31,76,16.06,1.39,89,17.61,2.36,100,12.97
2023-08-01 01:00:00+00:00,2.23,100,11.49,0.81,13,9.84,3.36,29,12.23,1.47,27,9.6,1.97,100,13.28,1.9,100,9.68,6.88,88,15.98,1.58,37,17.32,2.28,100,12.67
2023-08-01 02:00:00+00:00,1.94,100,11.48,0.71,25,8.97,3.41,10,11.7,1.58,9,8.66,2.62,100,13.0,2.77,100,8.65,6.56,100,15.98,1.52,61,16.97,2.3,100,12.14
2023-08-01 03:00:00+00:00,1.84,100,11.44,0.63,50,9.04,3.42,10,11.5,1.66,9,8.32,2.97,100,12.74,3.19,100,9.72,6.58,100,15.96,1.56,74,16.94,2.17,100,12.93
2023-08-01 04:00:00+00:00,1.74,100,11.69,1.33,63,9.63,3.34,11,11.52,1.53,9,9.39,2.7,100,13.09,2.92,100,9.85,7.1,100,16.07,1.57,80,16.96,2.74,100,13.23
2023-08-01 05:00:00+00:00,2.69,100,12.27,1.17,70,10.96,3.41,12,12.49,2.1,8,11.29,2.69,100,13.73,2.08,100,10.05,7.45,100,15.55,1.08,84,18.37,3.49,100,13.15
2023-08-01 06:00:00+00:00,3.07,99,12.56,1.6,75,12.35,3.3,10,13.92,2.51,7,13.21,3.09,100,13.64,1.93,100,10.0,6.81,100,15.75,1.02,87,19.89,4.69,100,13.41
2023-08-01 07:00:00+00:00,3.74,98,12.53,2.1,100,12.97,2.98,0,15.37,2.53,3,15.23,2.8,100,14.42,1.72,100,10.22,8.63,100,16.56,0.95,96,21.49,3.42,100,13.8
2023-08-01 08:00:00+00:00,2.88,99,12.57,2.27,100,13.87,2.3,0,16.66,2.67,4,16.71,3.1,100,15.01,1.73,100,10.98,9.75,100,16.68,0.92,98,22.94,3.57,100,13.72
2023-08-01 09:00:00+00:00,3.12,99,12.88,2.51,100,14.63,1.26,2,17.75,2.94,6,17.97,3.48,99,15.95,1.61,100,11.99,8.55,100,17.72,1.27,99,21.49,4.22,100,13.52
2023-08-01 10:00:00+00:00,3.67,99,13.02,2.76,100,15.44,0.87,5,18.42,3.07,19,18.97,3.59,98,16.48,1.97,100,12.71,8.27,100,18.06,1.37,99,21.01,4.83,100,13.72
2023-08-01 11:00:00+00:00,4.26,100,12.76,2.55,100,13.84,1.83,12,18.68,2.91,30,19.98,3.9,96,17.95,2.11,100,13.14,8.37,100,18.44,1.23,99,20.53,6.32,100,14.35
2023-08-01 12:00:00+00:00,4.07,100,12.4,2.04,100,12.73,3.66,27,18.24,2.79,41,20.62,4.4,97,18.68,2.44,100,12.76,8.78,100,18.94,1.23,99,21.08,7.68,100,14.96
2023-08-01 13:00:00+00:00,4.44,99,14.13,2.02,100,12.84,4.1,100,17.82,2.75,100,20.92,4.18,100,18.21,3.08,100,13.56,9.48,100,19.14,0.84,100,22.41,6.08,100,13.99
2023-08-01 14:00:00+00:00,4.29,89,15.56,2.15,100,12.79,3.6,100,18.08,3.57,100,20.19,4.47,100,17.56,3.76,100,13.62,9.61,75,18.91,0.77,100,22.53,8.25,98,15.05
2023-08-01 15:00:00+00:00,4.23,85,15.68,1.62,100,12.89,2.16,100,18.48,3.16,100,17.06,4.33,100,17.03,3.5,100,13.66,9.4,68,18.8,2.6,100,20.61,6.89,99,14.01
2023-08-01 16:00:00+00:00,4.71,81,14.15,1.59,100,12.76,0.83,100,17.95,2.1,100,17.07,3.05,100,15.67,3.71,100,13.15,7.79,76,17.79,2.94,100,16.98,6.43,99,13.33
2023-08-01 17:00:00+00:00,4.24,68,13.11,0.96,100,13.12,0.96,100,17.71,2.05,100,16.43,2.83,100,15.18,3.53,98,12.57,6.74,81,17.3,2.98,100,15.61,8.05,94,13.33
2023-08-01 18:00:00+00:00,3.42,68,12.31,1.02,100,13.23,1.63,100,17.49,2.17,100,15.13,2.7,95,14.4,3.52,99,11.25,7.2,72,16.19,1.16,100,15.5,7.21,92,13.08
2023-08-01 19:00:00+00:00,2.56,100,11.1,0.82,100,13.07,2.85,100,16.8,1.23,100,14.06,2.31,86,13.07,3.92,100,10.8,6.5,11,14.76,0.64,100,15.32,5.78,82,12.59
2023-08-01 20:00:00+00:00,1.49,96,9.61,0.96,100,12.87,2.66,100,16.16,0.8,100,13.38,1.11,86,12.06,3.94,100,10.13,5.95,5,13.81,0.33,100,15.28,4.63,86,11.39
2023-08-01 21:00:00+00:00,1.58,97,9.2,1.28,100,12.36,2.16,100,15.74,0.97,100,12.98,1.09,91,12.13,2.91,100,9.63,5.83,4,13.49,0.71,100,15.18,3.91,84,10.45
2023-08-01 22:00:00+00:00,1.72,98,9.0,1.09,94,11.42,2.54,100,15.06,1.22,100,12.28,1.52,93,11.52,1.99,100,8.79,5.74,3,13.41,0.59,100,15.43,3.82,87,10.52
2023-08-01 23:00:00+00:00,1.7,98,9.03,1.47,93,10.99,3.49,100,14.43,1.21,100,12.54,1.5,94,11.09,1.27,100,9.17,5.7,4,13.22,1.07,100,14.89,3.64,89,11.53
2023-08-02 00:00:00+00:00,1.48,99,9.98,1.35,92,10.75,2.99,100,14.3,0.67,100,12.41,1.69,95,11.64,1.28,100,9.64,5.49,5,13.03,1.14,93,14.32,3.99,91,11.75
2023-08-02 01:00:00+00:00,1.66,100,10.23,1.75,88,10.97,3.09,100,14.42,0.46,100,12.46,2.05,100,11.75,1.77,100,8.78,5.01,12,12.78,1.43,37,13.25,3.34,100,11.28
2023-08-02 02:00:00+00:00,2.19,100,10.34,2.0,94,11.42,3.56,100,14.11,0.18,100,12.39,2.57,100,12.19,1.81,100,8.64,4.93,56,12.46,1.34,47,13.25,2.58,100,9.8
2023-08-02 03:00:00+00:00,2.42,100,10.27,1.78,96,11.43,3.89,100,14.09,1.09,100,12.25,3.24,100,13.11,1.66,100,8.58,4.76,57,12.57,1.16,64,14.08,2.19,100,9.04
2023-08-02 04:00:00+00:00,2.52,100,10.35,1.84,97,11.73,3.12,100,14.23,1.21,100,12.13,3.23,100,13.77,1.62,100,8.73,4.92,68,13.26,1.43,73,14.38,2.65,100,11.18
2023-08-02 05:00:00+00:00,2.58,100,10.39,2.46,97,12.4,1.82,100,14.41,1.25,100,12.24,4.55,100,13.72,2.15,100,8.34,5.85,74,14.61,1.48,78,14.97,3.5,100,12.31
2023-08-02 06:00:00+00:00,3.07,100,10.39,3.16,83,13.46,2.29,99,14.77,1.53,98,12.87,4.11,100,13.94,2.81,100,8.1,5.9,78,15.59,1.5,82,15.85,3.7,100,12.49
2023-08-02 07:00:00+00:00,3.06,100,10.58,3.23,0,14.93,1.82,49,15.0,1.44,77,13.75,4.31,100,13.67,2.77,100,8.54,6.47,100,15.93,1.83,100,16.9,3.9,100,12.74
2023-08-02 08:00:00+00:00,2.06,100,10.74,3.19,1,17.09,1.64,37,15.66,1.66,76,14.97,4.64,100,13.47,2.98,100,9.6,6.77,100,16.08,1.89,98,19.25,5.68,100,13.79
2023-08-02 09:00:00+00:00,1.93,100,11.07,3.39,1,18.55,1.27,29,16.57,1.63,63,16.72,4.0,100,13.8,2.92,100,9.71,5.28,100,14.56,2.51,98,19.92,6.29,100,13.93
2023-08-02 10:00:00+00:00,1.94,100,11.4,3.42,2,19.88,0.78,24,17.13,1.5,51,19.0,3.98,100,14.13,3.1,100,9.61,5.44,100,13.98,2.14,99,21.0,3.29,100,12.75
2023-08-02 11:00:00+00:00,1.8,100,11.31,3.7,5,20.92,1.9,21,17.09,1.79,48,18.79,4.1,100,14.25,2.74,100,8.49,6.01,100,14.35,2.55,95,23.48,2.48,100,12.1
2023-08-02 12:00:00+00:00,1.63,100,11.28,3.76,10,21.68,2.4,19,17.0,2.98,49,18.57,4.87,100,14.01,2.69,100,8.48,7.13,100,15.35,2.9,92,24.11,2.96,100,12.64
2023-08-02 13:00:00+00:00,2.04,100,11.38,3.89,48,21.97,2.97,6,17.46,3.09,47,18.56,4.58,100,14.0,2.13,100,9.58,7.93,100,15.06,2.92,85,24.13,3.39,100,13.58
2023-08-02 14:00:00+00:00,2.92,100,11.44,4.62,61,20.87,3.37,12,17.86,3.28,24,19.46,4.81,100,14.39,1.32,100,9.72,7.83,100,16.06,2.85,68,24.52,3.5,100,13.22
2023-08-02 15:00:00+00:00,3.07,100,11.9,2.68,74,18.43,2.89,26,18.23,3.5,17,19.37,4.73,100,14.77,0.81,100,9.77,8.2,97,17.74,2.68,64,24.21,3.64,100,11.93
2023-08-02 16:00:00+00:00,2.67,100,12.54,1.41,80,18.58,1.78,24,18.48,2.7,18,19.08,4.86,100,14.91,0.81,100,9.91,7.48,91,18.03,2.61,55,23.68,3.25,100,11.4
2023-08-02 17:00:00+00:00,1.9,100,12.83,1.29,84,17.49,1.53,22,18.44,1.92,17,18.74,4.22,100,15.19,1.1,100,10.41,6.43,91,18.05,2.24,45,22.63,2.77,100,11.11
2023-08-02 18:00:00+00:00,1.47,97,12.54,2.08,87,16.49,1.66,20,18.03,1.17,16,17.19,3.73,100,14.66,1.51,100,10.59,7.81,87,18.38,1.98,38,19.9,2.21,100,11.01
2023-08-02 19:00:00+00:00,1.15,56,11.08,2.53,91,14.41,1.71,69,17.4,0.68,78,15.52,3.26,100,13.81,1.85,100,9.07,7.43,2,17.01,1.64,0,17.76,1.15,100,11.0
2023-08-02 20:00:00+00:00,0.9,59,10.26,2.14,96,12.63,1.49,82,17.13,1.21,89,15.17,2.32,100,12.9,1.99,100,7.98,7.85,1,16.86,1.68,0,17.51,1.11,100,10.97
